morphotype,Nr. of specimen,Size,Scale,scl,
mant001,1,2.7,cm,1,
mant001,2,2.7,cm,1,
mant001,3,3.5,cm,1,
mant001,4,2.7,cm,1,
mant001,5,2,cm,1,
mant001,6,1.6,cm,1,
mant001,7,3,cm,1,
mant001,8,3.5,cm,1,
mant001,9,2.2,cm,1,
mant001,10,3,cm,1,
mant001,11,3.5,cm,1,
mant001,12,4,cm,1,
mant001,13,3.8,cm,1,
mant001,14,4.3,cm,1,
mant001,15,2.4,cm,1,
mant001,16,2.4,cm,1,
mant001,17,4,cm,1,
mant001,18,3.8,cm,1,
mant001,19,5.3,cm,1,
mant001,20,3.5,cm,1,
mant002,1,1.5,cm,1,
mant002,2,1.6,cm,1,
mant002,3,8.7,1 cm,1,
mant002,4,8.1,1 cm,1,
mant002,5,1.5,cm,1,
mant002,6,1.1,cm,1,
mant002,7,9.1,1 cm,1,
mant002,8,1.2,cm,1,
mant002,9,1.6,cm,1,
mant002,10,1.3,cm,1,
mant002,11,1.3,cm,1,
mant002,12,1.3,cm,1,
mant002,13,8.7,1 cm,1,
mant002,14,1.3,cm,1,
mant002,15,10.1,1 cm,1,
mant002,16,1.1,cm,1,
mant002,17,1.4,cm,1,
mant002,18,1.5,cm,1,
mant002,19,1.1,cm,1,
mant002,20,9.3,1 cm,1,
mant003,1,6.6,cm,1,
mant003,2,6.5,cm,1,
mant003,3,6.7,cm,1,
mant003,4,5.9,cm,1,
mant003,5,7.5,cm,1,
mant003,6,6.5,cm,1,
mant003,7,6.9,cm,1,
mant003,8,6.5,cm,1,
mant003,9,7,cm,1,
mant003,10,7,cm,1,
mant003,11,6.4,cm,1,
mant003,12,7,cm,1,
mant003,13,6.5,cm,1,
mant003,14,6.6,cm,1,
mant003,15,6.1,cm,1,
mant003,16,6.5,cm,1,
mant003,17,6.7,cm,1,
mant003,18,6.3,cm,1,
mant003,19,7.7,cm,1,
mant003,20,9.3,cm,1,
mant004,1,2.7,cm,1,
mant004,2,8.9,1 cm,1,
mant004,3,8.6,1 cm,1,
mant004,4,2.8,cm,1,
mant004,5,2.3,cm,1,
mant004,6,8.3,1 cm,1,
mant004,7,8.1,1 cm,1,
mant004,8,7.5,1 cm,1,
mant004,9,7.7,1 cm,1,
mant004,10,8.1,1 cm,1,
mant005,1,2.6,cm,1,
mant005,2,2.1,cm,1,
mant005,3,1.6,cm,1,
mant005,4,9.3,1 cm,1,
mant005,5,1.9,cm,1,
mant005,6,2.3,cm,1,
mant005,7,1.9,cm,1,
mant005,8,9.2,1 cm,1,
mant005,9,1.6,cm,1,
mant006,1,5.8,cm,1,
mant006,2,2.4,cm,1,
mant006,3,2.5,cm,1,
mant006,4,4.5,cm,1,
mant006,5,5.4,cm,1,
mant006,6,2.1,cm,1,
mant006,7,2.2,cm,1,
mant006,8,1.2,cm,1,
mant006,9,2.2,cm,1,
mant006,10,3.6,cm,1,
mant006,11,5.8,cm,1,
mant006,12,1.7,cm,1,
mant006,13,5.3,cm,1,
mant007,1,1.2,cm,1,
mant007,2,1.8,cm,1,
mant007,3,3.4,cm,1,
mant007,4,1.2,cm,1,
mant007,5,1.1,cm,1,
mant007,6,2.2,cm,1,
mant007,7,9.6,1 cm,1,
mant007,8,1.1,cm,1,
mant007,9,1.1,cm,1,
mant007,10,2,cm,1,
mant007,11,1.5,cm,1,
mant007,12,1.5,cm,1,
mant007,13,10,1 cm,1,
mant007,14,9.4,1 cm,1,
mant007,15,1,cm,1,
mant007,16,9.7,1 cm,1,
mant007,17,9.3,1 cm,1,
mant007,18,9.3,1 cm,1,
mant007,19,1.1,cm ,1,
mant007,20,9.1,cm,1,
mant008,1,6.1,cm,1,
mant008,2,6,cm,1,
mant008,3,6.1,cm,1,
mant009,1,1.7,cm,1,
mant009,2,2.1,cm,1,
mant009,3,3.2,cm,1,
mant009,4,1.3,cm,1,
mant010,1,7,cm,1,
mant010,2,7.1,cm,1,
mant010,3,6.5,cm,1,
mant010,4,7.5,cm,1,
mant010,5,6.6,cm,1,
mant011,1,4.6,cm,1,
mant011,2,7,cm,1,
mant011,3,2.2,cm,1,
mant011,4,5.9,cm,1,
mant011,5,4.3,cm,1,
mant011,6,4.7,cm,1,
mant011,7,3.2,cm,1,
mant011,8,3.3,cm,1,
mant012,1,6.4,cm,1,
mant012,2,5.3,cm,1,
mant012,3,6,cm,1,
mant013,1,3.1,cm,1,
mant013,2,2.9,cm,1,
mant013,3,2.9,cm,1,
mant014,1,1.2,cm,1,
mant014,2,1.3,cm,1,
mant014,3,1.7,cm,1,
mant014,4,1.6,cm,1,
aran001,1,7.5,1 cm,1,
aran001,2,7.2,"0,5 cm",0.5,
aran001,3,5.7,1 cm,1,
aran001,4,9.3,"0,5 cm",0.5,
aran001,5,1.1,cm,1,
aran001,6,6.8,"0,5 cm",0.5,
aran001,7,8.6,"0,5 cm",0.5,
aran001,8,9.2,"0,5 cm",0.5,
aran001,9,7.7,1 cm,1,
aran001,10,9.3,"0,5 cm",0.5,
aran001,11,7.2,1 cm,1,
aran001,12,5.3,1 cm,1,
aran001,13,6.1,1 cm,1,
aran001,14,7.8,1 cm,1,
aran001,15,7.9,"0,5 cm",0.5,
aran001,16,6,1 cm,1,
aran001,17,7.5,"0,5 cm",0.5,
aran001,18,6.8,1 cm,1,
aran001,19,7.9,"0,5 cm",0.5,
aran001,20,9.9,"0,5 cm",0.5,
aran002,1,6.9,1 cm,1,
aran002,2,7.2,1 cm,1,
aran002,3,6.6,1 cm,1,
aran002,4,5.1,1 cm,1,
aran002,5,5.3,1 cm,1,
aran002,6,5.7,1 cm,1,
aran002,7,6.6,1 cm,1,
aran002,8,5.6,1 cm,1,
aran002,9,4.8,"0,5 cm",0.5,
aran002,10,5.3,1 cm,1,
aran002,11,5.6,1 cm,1,
aran002,12,6.4,1 cm,1,
aran003,1,6.2,1 cm,1,
aran003,2,6.5,1 cm,1,
aran003,3,6,1 cm,1,
aran003,4,8.8,1 cm,1,
aran003,5,6.6,"0,5 cm",0.5,
aran003,6,6.6,1 cm,1,
aran003,7,6.6,"0,5 cm",0.5,
aran003,8,8.9,"0,5 cm",0.5,
aran003,9,7.2,1 cm,1,
aran003,10,7,1 cm,1,
aran003,11,7.6,"0,5 cm",0.5,
aran003,12,5.8,1 cm,1,
aran003,13,6.5,1 cm,1,
aran003,14,6.2,1 cm,1,
aran003,15,9.2,"0,5 cm",0.5,
aran003,16,5.4,1 cm,1,
aran003,17,7.4,"0,5 cm",0.5,
aran003,18,8.6,1 cm,1,
aran003,19,5.5,1 cm,1,
aran003,20,7.9,1 cm,1,
aran004,1,6.2,1 cm,1,
aran004,2,8,"0,5 cm",0.5,
aran004,3,6,1 cm,1,
aran004,4,6,1 cm,1,
aran004,5,6,1 cm,1,
aran004,6,6.9,1 cm,1,
aran004,7,5.2,1 cm,1,
aran004,8,5.3,1 cm,1,
aran004,9,7.2,"0,5 cm",0.5,
aran004,10,8.7,"0,5 cm",0.5,
aran005,1,9.5,"0,5 cm",0.5,
aran005,2,6.3,1 cm,1,
aran005,3,7.6,1 cm,1,
aran005,4,7.5,1 cm,1,
aran005,5,7.4,1 cm,1,
aran005,6,7.3,"0,5 cm",0.5,
aran005,7,8.3,"0,5 cm",0.5,
aran005,8,9.7,1 cm,1,
aran005,9,6.3,1 cm,1,
aran005,10,8.4,1 cm,1,
aran005,11,8,1 cm,1,
aran005,12,9.7,1 cm,1,
aran005,13,9.9,1 cm,1,
aran005,14,6.2,1 cm,1,
aran006,1,5,1 cm,1,
aran006,2,8.7,"0,5 cm",0.5,
aran006,3,5.9,1 cm,1,
aran006,4,5.3,1 cm,1,
aran006,5,5.8,1 cm,1,
aran006,6,6,1 cm,1,
aran006,7,6.8,1 cm,1,
aran006,8,7.2,1 cm,1,
aran006,9,6.2,1 cm,1,
aran006,10,6.2,1 cm,1,
aran006,11,6.1,1 cm,1,
aran006,12,6.6,1 cm,1,
aran006,13,7,1 cm,1,
aran006,14,6.4,1 cm,1,
aran006,15,6.1,1 cm,1,
aran006,16,6.4,1 cm,1,
aran006,17,5.7,1 cm,1,
aran006,18,5.6,1 cm,1,
aran006,19,9,"0,5 cm",0.5,
aran006,20,7.2,1 cm,1,
aran007,1,8.2,"0,5 cm",0.5,
aran007,2,1.2,cm,1,
aran007,3,8.3,1 cm,1,
aran007,4,5.7,1 cm,1,
aran007,5,9.5,1 cm,1,
aran007,6,10,1 cm,1,
aran007,7,9.9,1 cm,1,
aran008,1,8,1 cm,1,
aran008,2,1.1,cm,1,
aran008,3,10,1 cm,1,
aran008,4,6,1 cm,1,
aran008,5,9.4,"0,5 cm",0.5,
aran008,6,8.1,"0,5 cm",0.5,
aran008,7,5.4,"0,5 cm",0.5,
aran008,8,9,"0,5 cm",0.5,
aran008,9,1.3,cm,1,
aran008,10,7,1 cm,1,
aran008,11,7.2,"0,5 cm",0.5,
aran008,12,7.6,1 cm,1,
aran008,13,7.6,1 cm,1,
aran008,14,6.1,1 cm,1,
aran008,15,7,"0,5 cm",0.5,
aran008,16,8.9,"0,5 cm",0.5,
aran008,17,7,"0,5 cm",0.5,
aran008,18,7.6,"0,5 cm",0.5,
aran008,19,7.1,1 cm,1,
aran008,20,1.1,cm,1,
aran009,1,7.2,1 cm,1,
aran009,2,7.2,"0,5 cm",0.5,
aran009,3,8.6,1 cm,1,
aran009,4,5.9,1 cm,1,
aran009,5,8.6,"0,5 cm",0.5,
aran009,6,8.2,1 cm,1,
aran009,7,7.6,1 cm,1,
aran009,8,8.8,"0,5 cm",0.5,
aran009,9,1.2,cm,1,
aran009,10,8,"0,5 cm",0.5,
aran009,11,1.1,cm,1,
aran009,12,5.4,1 cm,1,
aran009,13,7,1 cm,1,
aran009,14,8.6,1 cm,1,
aran009,15,5.6,"0,5 cm",0.5,
aran009,16,8.4,"0,5 cm",0.5,
aran009,17,9.4,1 cm,1,
aran009,18,7.7,1 cm,1,
aran009,19,5,1 cm,1,
aran009,20,9.2,1 cm,1,
aran010,1,7.4,"0,5 cm",0.5,
aran010,2,7.6,"0,5 cm",0.5,
aran010,3,5.4,"0,5 cm",0.5,
aran010,4,10.3,"0,5 cm",0.5,
aran010,5,5,"0,5 cm",0.5,
aran010,6,8.9,"0,5 cm",0.5,
aran010,7,7.6,"0,5 cm",0.5,
aran011,1,6.5,1 cm,1,
aran011,2,5.2,1 cm,1,
aran011,3,8.5,"0,5 cm",0.5,
aran011,4,6.4,"0,5 cm",0.5,
aran011,5,5.4,1 cm,1,
aran011,6,7.5,"0,5 cm",0.5,
aran011,7,6.7,"0,5 cm",0.5,
aran011,8,8.1,1 cm,1,
aran011,9,8.9,"0,5 cm",0.5,
aran011,10,5.6,1 cm,1,
aran011,11,5,1 cm,1,
aran011,12,7.1,1 cm,1,
aran011,13,6.1,1 cm,1,
aran011,14,5.3,"0,5 cm",0.5,
aran011,15,9.6,"0,5 cm",0.5,
aran011,16,5.7,1 cm,1,
aran011,17,5.5,1 cm,1,
aran011,18,5.7,1 cm,1,
aran011,19,7.5,1 cm,1,
aran011,20,5.5,1 cm,1,
aran012,1,5.9,1 cm,1,
aran012,2,8.3,"0,5 cm",0.5,
aran012,3,7.4,"0,5 cm",0.5,
aran012,4,9.9,"0,5 cm",0.5,
aran012,5,8,"0,5 cm",0.5,
aran012,6,4.7,"0,5 cm",0.5,
aran012,7,4.8,"0,5 cm",0.5,
aran012,8,6.8,"0,5 cm",0.5,
aran012,9,5.4,1 cm,1,
aran012,10,7.4,"0,5 cm",0.5,
aran013,1,8.5,1 cm,1,
aran013,2,8.8,1 cm,1,
aran013,3,9.1,1 cm,1,
aran013,4,10,1 cm,1,
aran013,5,1.1,cm,1,
aran013,6,9.5,1 cm,1,
aran013,7,7,1 cm,1,
aran013,8,9.8,1 cm,1,
aran013,9,1,cm,1,
aran014,1,8,1 cm,1,
aran014,2,7.5,1 cm,1,
aran014,3,8.4,1 cm,1,
aran014,4,8,1 cm,1,
aran014,5,8.4,1 cm,1,
aran014,6,8.5,1 cm,1,
aran014,7,8.3,1 cm,1,
aran014,8,8,1 cm,1,
aran014,9,9,1 cm,1,
aran014,10,7.8,1 cm,1,
aran014,11,8.3,1 cm,1,
aran014,12,7.7,1 cm,1,
aran014,13,7.2,1 cm,1,
aran014,14,8.7,1 cm,1,
aran014,15,8.5,1 cm,1,
aran014,16,7.5,1 cm,1,
aran014,17,7.9,1 cm,1,
aran014,18,9.7,1 cm,1,
aran014,19,9.1,1 cm,1,
aran014,20,8.7,1 cm,1,
aran015,1,7,"0,5 cm",0.5,
aran015,2,4.7,"0,5 cm",0.5,
aran015,3,5.6,"0,5 cm",0.5,
aran015,4,7.1,"0,5 cm",0.5,
aran015,5,4.9,"0,5 cm",0.5,
aran015,6,5.6,"0,5 cm",0.5,
aran015,7,8.3,"0,5 cm",0.5,
aran015,8,7.4,"0,5 cm",0.5,
aran015,9,6.6,"0,5 cm",0.5,
aran015,10,8.6,"0,5 cm",0.5,
aran015,11,6.1,"0,5 cm",0.5,
aran015,12,5.8,"0,5 cm",0.5,
aran015,13,6.8,"0,5 cm",0.5,
aran015,14,8.5,"0,5 cm",0.5,
aran015,15,5.6,"0,5 cm",0.5,
aran015,16,7.6,"0,5 cm",0.5,
aran015,17,6.8,"0,5 cm",0.5,
aran015,18,6.4,"0,5 cm",0.5,
aran015,19,5.7,"0,5 cm",0.5,
aran015,20,4.4,"0,5 cm",0.5,
aran016,1,5.6,1 cm,1,
aran016,2,6,1 cm,1,
aran016,3,5.9,1 cm,1,
aran016,4,9.4,"0,5 cm",0.5,
aran016,5,8.4,"0,5 cm",0.5,
aran016,6,9.3,"0,5 cm",0.5,
aran016,7,7.2,1 cm,1,
aran016,8,5.6,1 cm,1,
aran016,9,6.5,1 cm,1,
aran016,10,5.4,1 cm,1,
aran016,11,8.4,"0,5 cm",0.5,
aran016,12,6.3,1 cm,1,
aran016,13,8.8,"0,5 cm",0.5,
aran017,1,7.7,1 cm,1,
aran017,2,5.8,1 cm,1,
aran017,3,5.3,1 cm,1,
aran017,4,10.2,1 cm,1,
aran017,5,5.6,1 cm,1,
aran017,6,5.4,1 cm,1,
aran017,7,8,"0,5 cm",0.5,
aran017,8,9.6,"0,5 cm",0.5,
aran017,9,7.3,1 cm,1,
aran018,1,6.5,"0,5 cm",0.5,
aran018,2,7.2,1 cm,1,
aran018,3,6.7,"0,5 cm",0.5,
aran018,4,4.5,"0,5 cm",0.5,
aran018,5,6.1,"0,5 cm",0.5,
aran018,6,5.7,1 cm,1,
aran018,7,6.6,1 cm,1,
aran018,8,7.3,"0,5 cm",0.5,
aran019,1,8.9,"0,5 cm",0.5,
aran019,2,6.7,"0,5 cm",0.5,
aran019,3,6.1,1 cm,1,
aran019,4,6,1 cm,1,
aran019,5,7.8,"0,5 cm",0.5,
aran019,6,7.7,"0,5 cm",0.5,
aran019,7,6.1,1 cm,1,
aran019,8,7.2,"0,5 cm",0.5,
aran019,9,6.1,1 cm,1,
aran019,10,7.6,"0,5 cm",0.5,
aran019,11,5.4,1 cm,1,
aran019,12,4.6,"0,5 cm",0.5,
aran019,13,7.1,"0,5 cm",0.5,
aran019,14,7.5,"0,5 cm",0.5,
aran019,15,6,1 cm,1,
aran019,16,8.9,"0,5 cm",0.5,
aran019,17,9.7,"0,5 cm",0.5,
aran019,18,5.3,1 cm,1,
aran019,19,9.5,"0,5 cm",0.5,
aran019,20,5.5,"0,5 cm",0.5,
aran020,1,6.5,"0,5 cm",0.5,
aran020,2,6.6,"0,5 cm",0.5,
aran020,3,5.6,"0,5 cm",0.5,
aran020,4,6.5,"0,5 cm",0.5,
aran020,5,6.7,"0,5 cm",0.5,
aran020,6,5.3,"0,5 cm",0.5,
aran020,7,5.7,"0,5 cm",0.5,
aran020,8,4.5,"0,5 cm",0.5,
aran020,9,4.4,"0,5 cm",0.5,
aran020,10,7.1,"0,5 cm",0.5,
aran020,11,4.7,"0,5 cm",0.5,
aran020,12,5.6,"0,5 cm",0.5,
aran020,13,4.6,"0,5 cm",0.5,
aran021,1,4.5,"0,5 cm",0.5,
aran021,2,6.5,1 cm,1,
aran021,3,6.8,"0,5 cm",0.5,
aran021,4,5.6,1 cm,1,
aran021,5,7.4,"0,5 cm",0.5,
aran021,6,8,"0,5 cm",0.5,
aran021,7,6.6,"0,5 cm",0.5,
aran021,8,5.4,1 cm,1,
aran021,9,8.6,"0,5 cm",0.5,
aran021,10,6.8,"0,5 cm",0.5,
aran021,11,8.7,"0,5 cm",0.5,
aran021,12,7.4,"0,5 cm",0.5,
aran021,13,7,"0,5 cm",0.5,
aran021,14,7.9,1 cm,1,
aran021,15,7,1 cm,1,
aran021,16,7.4,"0,5 cm",0.5,
aran021,17,7.9,"0,5 cm",0.5,
aran021,18,10,"0,5 cm",0.5,
aran021,19,8.8,"0,5 cm",0.5,
aran021,20,8.5,"0,5 cm",0.5,
aran022,1,6.2,1 cm,1,
aran022,2,8.9,"0,5 cm",0.5,
aran022,3,6.4,"0,5 cm",0.5,
aran022,4,9.1,"0,5 cm",0.5,
aran022,5,6.9,"0,5 cm",0.5,
aran022,6,6.5,"0,5 cm",0.5,
aran022,7,8.1,"0,5 cm",0.5,
aran022,8,6,"0,5 cm",0.5,
aran022,9,4.9,"0,5 cm",0.5,
aran022,10,8.3,"0,5 cm",0.5,
aran022,11,4.8,"0,5 cm",0.5,
aran022,12,5.9,"0,5 cm",0.5,
aran022,13,8.9,"0,5 cm",0.5,
aran022,14,5.6,1 cm,1,
aran022,15,5.9,1 cm,1,
aran022,16,9.2,"0,5 cm",0.5,
aran022,17,8.4,"0,5 cm",0.5,
aran022,18,8,"0,5 cm",0.5,
aran022,19,6.7,"0,5 cm",0.5,
aran022,20,3.8,"0,5 cm",0.5,
aran023,1,4.6,"0,5 cm",0.5,
aran023,2,7.5,"0,5 cm",0.5,
aran023,3,3.4,"0,5 cm",0.5,
aran023,4,6,"0,5 cm",0.5,
aran023,5,4.8,"0,5 cm",0.5,
aran023,6,4.9,"0,5 cm",0.5,
aran023,7,5.5,"0,5 cm",0.5,
aran023,8,5.5,"0,5 cm",0.5,
aran023,9,4.9,"0,5 cm",0.5,
aran023,10,5.1,"0,5 cm",0.5,
aran024,1,5.9,"0,5 cm",0.5,
aran024,2,6.5,"0,5 cm",0.5,
aran024,3,7.2,1 cm,1,
aran024,4,9.7,"0,5 cm",0.5,
aran024,5,6.8,"0,5 cm",0.5,
aran024,6,8,"0,5 cm",0.5,
aran024,7,9.2,"0,5 cm",0.5,
aran024,8,5.8,1 cm,1,
aran024,9,8.4,"0,5 cm",0.5,
aran024,10,6.3,"0,5 cm",0.5,
aran024,11,6,1 cm,1,
aran024,12,6.3,1 cm,1,
aran024,13,7.1,"0,5 cm",0.5,
aran024,14,7.8,"0,5 cm",0.5,
aran024,15,7.1,"0,5 cm",0.5,
aran024,16,5.6,1 cm,1,
aran024,17,7.9,"0,5 cm",0.5,
aran024,18,6.3,1 cm,1,
aran024,19,5.5,1 cm,1,
aran024,20,5.9,1 cm,1,
aran025,1,6.3,1 cm,1,
aran025,2,7.6,1 cm,1,
aran025,3,8.1,1 cm,1,
aran025,4,5.9,1 cm,1,
aran025,5,9.8,1 cm,1,
aran025,6,7.5,1 cm,1,
aran025,7,5.1,1 cm,1,
aran025,8,8.6,"0,5 cm",0.5,
aran025,9,7.8,"0,5 cm",0.5,
aran025,10,6.1,1 cm,1,
aran025,11,9.1,1 cm,1,
aran025,12,6.3,1 cm,1,
aran025,13,8.8,1 cm,1,
aran025,14,5.8,1 cm,1,
aran025,15,7.8,1 cm,1,
aran025,16,5,1 cm,1,
aran025,17,8.4,"0,5 cm",0.5,
aran025,18,6.7,1 cm,1,
aran025,19,9.2,1 cm,1,
aran025,20,7.6,1 cm,1,
aran026,1,7.4,"0,5 cm",0.5,
aran026,2,9.5,"0,5 cm",0.5,
aran027,1,6.8,"0,5 cm",0.5,
aran028,1,5.9,"0,5 cm",0.5,
aran028,2,4.5,"0,5 cm",0.5,
aran028,3,4.9,"0,5 cm",0.5,
aran029,1,7.1,"0,5 cm",0.5,
aran029,2,9.5,"0,5 cm",0.5,
aran029,3,7.5,"0,5 cm",0.5,
aran029,4,6.6,1 cm,1,
aran029,5,5.5,1 cm,1,
aran029,6,6.1,1 cm,1,
aran030,1,3,cm,1,
aran030,2,4,cm,1,
aran031,1,6.9,1 cm,1,
aran031,2,6.4,1 cm,1,
aran031,3,7.3,1 cm,1,
aran031,4,8.1,1 cm,1,
aran031,5,8.2,1 cm,1,
aran031,6,6.8,1 cm,1,
aran031,7,7.2,1 cm,1,
aran032,1,5.4,1 cm,1,
aran032,2,3.7,"0,5 cm",0.5,
aran032,3,8.1,"0,5 cm",0.5,
aran032,4,8.2,"0,5 cm",0.5,
aran032,5,6.7,"0,5 cm",0.5,
aran032,6,9.3,"0,5 cm",0.5,
aran032,7,9.3,"0,5 cm",0.5,
aran032,8,8.3,"0,5 cm",0.5,
aran032,9,8.8,"0,5 cm",0.5,
aran032,10,9.6,"0,5 cm",0.5,
aran032,11,8.4,"0,5 cm",0.5,
aran032,12,8.5,"0,5 cm",0.5,
aran032,13,10,"0,5 cm",0.5,
aran032,14,5.4,1 cm,1,
aran032,15,9.2,"0,5 cm",0.5,
aran032,16,9.1,"0,5 cm",0.5,
aran032,17,6.4,"0,5 cm",0.5,
aran032,18,9.2,"0,5 cm",0.5,
aran032,19,7.6,"0,5 cm",0.5,
aran032,20,9.3,"0,5 cm",0.5,
aran033,1,8.8,1 cm,1,
aran032,2,5.4,1 cm,1,
aran032,3,9.6,1 cm,1,
aran032,4,6.4,1 cm,1,
aran032,5,1.3,cm,1,
aran032,6,8.4,1 cm,1,
aran032,7,10,1 cm,1,
aran034,1,5.3,1 cm,1,
aran034,2,6.4,1 cm,1,
aran034,3,6.5,1 cm,1,
aran034,4,7.1,1 cm,1,
aran034,5,5.8,1 cm,1,
aran034,6,7.3,1 cm,1,
aran034,7,9,"0,5 cm",0.5,
aran034,8,5.2,"0,5 cm",0.5,
aran034,9,4.4,"0,5 cm",0.5,
aran034,10,8.2,1 cm,1,
aran034,11,7.2,1 cm,1,
aran034,12,7.3,1 cm,1,
aran034,13,5.9,1 cm,1,
aran034,14,8.8,"0,5 cm",0.5,
aran034,15,7.1,1 cm,1,
aran034,16,6.8,1 cm,1,
aran034,17,10,"0,5 cm",0.5,
aran034,18,6,1 cm,1,
aran034,19,5.7,1 cm,1,
aran034,20,5.2,1 cm,1,
aran035,1,6.2,1 cm,1,
aran035,2,7,1 cm,1,
aran035,3,9.4,"0,5 cm",0.5,
aran035,4,6.9,1 cm,1,
aran035,5,8.5,1 cm,1,
aran035,6,6.2,1 cm,1,
aran035,7,8.5,1 cm,1,
aran035,8,7.9,1 cm,1,
aran035,9,9.1,"0,5 cm",0.5,
aran035,10,5.8,1 cm,1,
aran035,11,5.6,1 cm,1,
aran035,12,7.8,1 cm,1,
aran035,13,7.3,"0,5 cm",0.5,
aran035,14,9.2,"0,5 cm",0.5,
aran035,15,9.8,"0,5 cm",0.5,
aran035,16,7,"0,5 cm",0.5,
aran035,17,5.6,1 cm,1,
aran036,1,5.1,"0,5 cm",0.5,
aran036,2,9.4,"0,5 cm",0.5,
aran036,3,9.9,"0,5 cm",0.5,
aran036,4,5.5,"0,5 cm",0.5,
aran036,5,6.2,1 cm,1,
aran036,6,6.5,"0,5 cm",0.5,
aran036,7,9.2,"0,5 cm",0.5,
aran036,8,6.9,"0,5 cm",0.5,
aran036,9,6.8,"0,5 cm",0.5,
aran036,10,9.1,"0,5 cm",0.5,
aran036,11,5.6,1 cm,1,
aran036,12,7.8,"0,5 cm",0.5,
aran036,13,7.1,"0,5 cm",0.5,
aran036,14,7.1,"0,5 cm",0.5,
aran036,15,8.3,"0,5 cm",0.5,
aran036,16,9.4,"0,5 cm",0.5,
aran036,17,9.3,"0,5 cm",0.5,
aran036,18,6.2,"0,5 cm",0.5,
aran036,19,7.5,"0,5 cm",0.5,
aran036,20,8.4,"0,5 cm",0.5,
aran037,1,6.2,1 cm,1,
aran037,2,6.6,"0,5 cm",0.5,
aran037,3,4.9,"0,5 cm",0.5,
aran037,4,5.7,1 cm,1,
aran037,5,8.4,"0,5 cm",0.5,
aran037,6,5.4,"0,5 cm",0.5,
aran037,7,7.1,"0,5 cm",0.5,
aran037,8,9.5,"0,5 cm",0.5,
aran037,9,8.4,"0,5 cm",0.5,
aran037,10,6.5,"0,5 cm",0.5,
aran037,11,6.6,"0,5 cm",0.5,
aran037,12,8.5,1 cm,1,
aran037,13,6.1,"0,5 cm",0.5,
aran037,14,2.6,"0,5 cm",0.5,
aran037,15,6.9,"0,5 cm",0.5,
aran037,16,7.1,"0,5 cm",0.5,
aran037,17,6.9,"0,5 cm",0.5,
aran037,18,7.4,"0,5 cm",0.5,
aran037,19,6.2,1 cm,1,
aran037,20,6,1 cm,1,
aran038,1,8.6,"0,5 cm",0.5,
aran038,2,6.4,1 cm,1,
aran038,3,6.2,1 cm,1,
aran038,4,7.7,"0,5 cm",0.5,
aran038,5,9.6,"0,5 cm",0.5,
aran038,6,9.7,"0,5 cm",0.5,
aran038,7,5.9,1 cm,1,
aran038,8,7,1 cm,1,
aran038,9,8.5,"0,5 cm",0.5,
aran038,10,8.4,"0,5 cm",0.5,
aran038,11,5.6,1 cm,1,
aran038,12,5.3,1 cm,1,
aran038,13,9.2,"0,5 cm",0.5,
aran038,14,6.5,1 cm,1,
aran038,15,6.1,1 cm,1,
aran038,16,8.6,"0,5 cm",0.5,
aran038,17,5.5,1 cm,1,
aran038,18,9.3,"0,5 cm",0.5,
aran038,19,6.7,1 cm,1,
aran038,20,5.8,1 cm,1,
aran039,1,7.3,"0,5 cm",0.5,
aran039,2,7.4,1 cm,1,
aran039,3,8.2,1 cm,1,
aran039,4,7.8,"0,5 cm",0.5,
aran039,5,8.7,"0,5 cm",0.5,
aran039,6,7.8,"0,5 cm",0.5,
aran039,7,1.1,cm,1,
aran039,8,7.6,"0,5 cm",0.5,
aran039,9,7.7,"0,5 cm",0.5,
aran039,10,7.7,"0,5 cm",0.5,
aran039,11,7.8,"0,5 cm",0.5,
aran039,12,8.3,"0,5 cm",0.5,
aran039,13,7.9,"0,5 cm",0.5,
aran039,14,7.1,"0,5 cm",0.5,
aran039,15,8,"0,5 cm",0.5,
aran039,16,8.9,"0,5 cm",0.5,
aran039,17,7.5,"0,5 cm",0.5,
aran039,18,5,"0,5 cm",0.5,
aran039,19,7,"0,5 cm",0.5,
aran039,20,6.2,"0,5 cm",0.5,
aran040,1,9.1,"0,5 cm",0.5,
aran040,2,1.1,cm,1,
aran040,3,10,"0,5 cm",0.5,
aran040,4,6.2,1 cm,1,
aran040,5,5.9,1 cm,1,
aran040,6,6.5,1 cm,1,
aran040,7,5.6,1 cm,1,
aran040,8,5,1 cm,1,
aran040,9,5,1 cm,1,
aran040,10,6.5,1 cm,1,
aran040,11,6.7,1 cm,1,
aran040,12,9.5,"0,5 cm",0.5,
aran040,13,7.2,1 cm,1,
aran040,14,8.9,1 cm,1,
aran040,15,6.3,1 cm,1,
aran040,16,5.5,1 cm,1,
aran040,17,7,1 cm,1,
aran040,18,7.9,1 cm,1,
aran040,19,8.6,1 cm,1,
aran040,20,9.5,"0,5 cm",0.5,
aran041,1,6.1,1 cm,1,
aran041,2,8.2,"0,5 cm",0.5,
aran041,3,9,"0,5 cm",0.5,
aran041,4,10,"0,5 cm",0.5,
aran041,5,9.7,1 cm,1,
aran041,6,5.6,1 cm,1,
aran041,7,9.7,"0,5 cm",0.5,
aran041,8,5.6,1 cm,1,
aran041,9,5,1 cm,1,
aran041,10,6.2,"0,5 cm",0.5,
aran041,11,9.4,"0,5 cm",0.5,
aran041,12,6.7,"0,5 cm",0.5,
aran041,13,7.9,"0,5 cm",0.5,
aran041,14,9.3,"0,5 cm",0.5,
aran041,15,7.9,"0,5 cm",0.5,
aran041,16,5.1,"0,5 cm",0.5,
aran041,17,7.6,1 cm,1,
aran041,18,1.1,cm,1,
aran041,19,6.7,"0,5 cm",0.5,
aran041,20,6.9,"0,5 cm",0.5,
aran042,1,4.3,"0,5 cm",0.5,
aran042,2,5,"0,5 cm",0.5,
aran042,3,5,"0,5 cm",0.5,
aran042,4,4.7,"0,5 cm",0.5,
aran042,5,4.7,"0,5 cm",0.5,
aran042,6,5.4,"0,5 cm",0.5,
aran042,7,5.6,"0,5 cm",0.5,
aran042,8,5,"0,5 cm",0.5,
aran042,9,5.4,"0,5 cm",0.5,
aran042,10,5.4,"0,5 cm",0.5,
aran042,11,4.9,"0,5 cm",0.5,
aran042,12,4.3,"0,5 cm",0.5,
aran042,13,4.6,"0,5 cm",0.5,
aran042,14,4.3,"0,5 cm",0.5,
aran042,15,4.5,"0,5 cm",0.5,
aran043,1,5.8,"0,5 cm",0.5,
aran043,2,4.8,"0,5 cm",0.5,
aran043,3,6.5,"0,5 cm",0.5,
aran043,4,4.8,"0,5 cm",0.5,
aran043,5,6,"0,5 cm",0.5,
aran043,6,6.2,"0,5 cm",0.5,
aran043,7,7.4,"0,5 cm",0.5,
aran043,8,4.4,"0,5 cm",0.5,
aran043,9,5.5,"0,5 cm",0.5,
aran043,10,4.4,"0,5 cm",0.5,
aran043,11,6.8,"0,5 cm",0.5,
aran044,1,7.5,"0,5 cm",0.5,
aran044,2,5,"0,5 cm",0.5,
aran045,1,9.2,"0,5 cm",0.5,
aran045,2,7.9,"0,5 cm",0.5,
aran045,3,6.2,"0,5 cm",0.5,
aran045,4,7.9,"0,5 cm",0.5,
aran045,5,7.9,"0,5 cm",0.5,
aran045,6,8.6,"0,5 cm",0.5,
aran046,1,5.3,1 cm,1,
aran046,2,5.5,1 cm,1,
aran046,3,5.2,1 cm,1,
aran046,4,6.5,1 cm,1,
aran046,5,7.3,1 cm,1,
aran046,6,9.2,"0,5 cm",0.5,
aran046,7,5.1,1 cm,1,
aran046,8,5.2,1 cm,1,
aran046,9,6.1,1 cm,1,
aran046,10,8.1,1 cm,1,
aran046,11,7.2,1 cm,1,
aran046,12,5.5,1 cm,1,
aran046,13,6.3,1 cm,1,
aran046,14,9.3,"0,5 cm",0.5,
aran046,15,8.9,"0,5 cm",0.5,
aran046,16,6.1,1 cm,1,
aran046,17,8.5,"0,5 cm",0.5,
aran046,18,7,"0,5 cm",0.5,
aran046,19,7.1,1 cm,1,
aran046,20,6.4,1 cm,1,
aran047,1,7,"0,5 cm",0.5,
aran048,1,8.5,"0,5 cm",0.5,
aran049,1,4.6,"0,5 cm",0.5,
aran049,2,5.1,"0,5 cm",0.5,
aran049,3,4.6,"0,5 cm",0.5,
aran049,4,3.4,"0,5 cm",0.5,
aran049,5,4.1,"0,5 cm",0.5,
aran049,6,4.9,"0,5 cm",0.5,
aran049,7,2.8,"0,5 cm",0.5,
aran049,8,4,"0,5 cm",0.5,
aran050,1,1.5,cm,1,
aran050,2,1.4,cm,1,
aran050,3,7.8, 1 cm,0.5,
aran050,4,1.5,cm,1,
aran050,5,1.6,cm,1,
aran050,6,1.5,cm,1,
aran050,7,1.7,cm,1,
aran051,1,6.7,1 cm,1,
aran051,2,9.3,1 cm,1,
aran051,3,6.2,1 cm,1,
aran051,4,6.9,1 cm,1,
aran051,5,6.3,1 cm,1,
aran051,6,5.6,1 cm,1,
aran051,7,1.1,cm,1,
aran051,8,5,1 cm,1,
aran051,9,8.7,"0,5 cm",0.5,
aran051,10,10,"0,5 cm",0.5,
aran051,11,8.4,1 cm,1,
aran051,12,6.5,1 cm,1,
aran051,13,7.7,"0,5 cm",0.5,
aran051,14,7.5,"0,5 cm",0.5,
aran051,15,9.4,1 cm,1,
aran051,16,6.8,1 cm,1,
aran051,17,8.1,1 cm,1,
aran051,18,7.7,1 cm,1,
aran052,1,7,1 cm,1,
aran052,2,5.3,1 cm,1,
aran052,3,6.8,"0,5 cm",0.5,
aran052,4,5.4,1 cm,1,
aran052,5,6.4,1 cm,1,
aran052,6,6.3,1 cm,1,
aran052,7,6.3,1 cm,1,
aran052,8,5.3,1 cm,1,
aran052,9,5.7,1 cm,1,
aran052,10,6.8,1 cm,1,
aran053,1,4.6,"0,5 cm",0.5,
aran054,1,6.2,"0,5 cm",0.5,
aran054,2,6.9,"0,5 cm",0.5,
aran054,3,6.8,"0,5 cm",0.5,
aran055,1,6.4,"0,5 cm",0.5,
aran055,2,5.7,"0,5 cm",0.5,
aran055,3,7.8,"0,5 cm",0.5,
aran055,4,5.9,"0,5 cm",0.5,
aran055,5,9.7,"0,5 cm",0.5,
aran055,6,7.4,"0,5 cm",0.5,
aran055,7,9.5,"0,5 cm",0.5,
aran055,8,10,"0,5 cm",0.5,
aran055,9,9,"0,5 cm",0.5,
aran055,10,6.2,"0,5 cm",0.5,
aran055,11,6.8,"0,5 cm",0.5,
aran056,1,7.7,"0,5 cm",0.5,
aran056,2,5.7,"0,5 cm",0.5,
aran056,3,10,"0,5 cm",0.5,
aran056,4,8.9,"0,5 cm",0.5,
aran056,5,3.4,"0,5 cm",0.5,
aran056,6,8.2,"0,5 cm",0.5,
aran056,7,6.1,"0,5 cm",0.5,
aran056,8,5.5,"0,5 cm",0.5,
aran056,9,7.3,"0,5 cm",0.5,
aran056,10,7.1,"0,5 cm",0.5,
aran056,11,7.5,"0,5 cm",0.5,
aran056,12,3.2,"0,5 cm",0.5,
aran056,13,7.3,"0,5 cm",0.5,
aran056,14,7.9,"0,5 cm",0.5,
aran056,15,7.3,"0,5 cm",0.5,
aran056,16,7,"0,5 cm",0.5,
aran056,17,7.6,"0,5 cm",0.5,
aran056,18,6.3,"0,5 cm",0.5,
aran056,19,8,"0,5 cm",0.5,
aran056,20,8.2,"0,5 cm",0.5,
aran057,1,5.7,1 cm,1,
aran057,2,4.9,1 cm,1,
aran057,3,4.9,1 cm,1,
aran057,4,8.9,"0,5 cm",0.5,
aran057,5,4,"0,5 cm",0.5,
aran057,6,8.9,"0,5 cm",0.5,
aran057,7,10,"0,5 cm",0.5,
aran057,8,6.3,1 cm,1,
aran057,9,9.2,"0,5 cm",0.5,
aran057,10,9.4,"0,5 cm",0.5,
aran057,11,9,"0,5 cm",0.5,
aran057,12,8.6,"0,5 cm",0.5,
aran057,13,8.7,"0,5 cm",0.5,
aran058,1,6.2,1 cm,1,
aran058,2,5.1,1 cm,1,
aran058,3,7.3,1 cm,1,
aran058,4,6.2,1 cm,1,
aran058,5,1.5,cm,1,
aran058,6,8.1,1 cm,1,
aran058,7,9.3,1 cm,1,
aran058,8,6.7,1 cm,1,
aran059,1,9.4,"0,5 cm",0.5,
aran059,2,8.8,1 cm,1,
aran059,3,5.9,1 cm,1,
aran059,4,9,"0,5 cm",0.5,
aran059,5,6.1,1 cm,1,
aran059,6,6.2,1 cm,1,
aran059,7,6.1,1 cm,1,
aran059,8,6.2,1 cm,1,
aran059,9,7.5,1 cm,1,
aran059,10,8,"0,5 cm",0.5,
aran059,11,6,1 cm,1,
aran059,12,6.2,1 cm,1,
aran059,13,5.3,1 cm,1,
aran059,14,9.3,"0,5 cm",0.5,
aran059,15,8,1 cm,1,
aran059,16,5.8,1 cm,1,
aran059,17,7.8,"0,5 cm",0.5,
aran059,18,5.7,1 cm,1,
aran059,19,5.6,"0,5 cm",0.5,
aran059,20,5.7,1 cm,1,
aran060,1,9.8,1 cm,1,
aran060,2,8.9,1 cm,1,
aran060,3,1.4,cm,1,
aran060,4,1.4,cm,1,
aran060,5,7.9,1 cm,1,
aran060,6,7.1,1 cm,1,
aran060,7,8.7,1 cm,1,
aran060,8,1.2,cm,1,
aran060,9,1.3,cm,1,
aran060,10,1.2,cm,1,
aran060,11,10.2,1 cm,1,
aran060,12,8.2,1 cm,1,
aran060,13,9.1,1 cm,1,
aran060,14,8.8,1 cm,1,
aran060,15,9.1,1 cm,1,
aran061,1,5.3,1 cm,1,
aran061,2,6.2,1 cm,1,
aran061,3,8.2,"0,5 cm",0.5,
aran061,4,7.3,1 cm,1,
aran061,5,6.9,1 cm,1,
aran061,6,8.6,"0,5 cm",0.5,
aran062,1,7.5,"0,5 cm",0.5,
aran063,1,4.7,"0,5 cm",0.5,
aran064,1,9.5,1 cm,1,
aran064,2,9.7,"0,5 cm",0.5,
aran064,3,9.4,1 cm,1,
aran064,4,8,"0,5 cm",0.5,
aran064,5,8.7,"0,5 cm",0.5,
aran064,6,5.3,1 cm,1,
aran064,7,7.6,"0,5 cm",0.5,
aran064,8,6.6,1 cm,1,
aran065,1,8.1,"0,5 cm",0.5,
aran065,2,8.1,"0,5 cm",0.5,
aran066,1,6.2,1 cm,1,
aran066,2,8.6,1 cm,1,
aran066,3,8.1,1 cm,1,
aran066,4,7.6,1 cm,1,
aran066,5,6.9,"0,5 cm",0.5,
aran067,1,6.6,"0,5 cm",0.5,
aran067,2,6.9,"0,5 cm",0.5,
aran067,3,7.2,"0,5 cm",0.5,
aran067,4,5.1,"0,5 cm",0.5,
aran067,5,5.4,"0,5 cm",0.5,
aran067,6,6.9,"0,5 cm",0.5,
aran068,1,5.3,"0,5 cm",0.5,
aran069,1,6,"0,5 cm",0.5,
aran069,2,4.4,"0,5 cm",0.5,
aran069,3,6,1 cm,1,
aran070,1,5.4,"0,5 cm",0.5,
aran070,2,5.5,"0,5 cm",0.5,
aran070,3,4.6,"0,5 cm",0.5,
aran070,4,5.5,"0,5 cm",0.5,
aran071,1,7,1 cm,1,
aran071,2,9.6,"0,5 cm",0.5,
aran071,3,6.4,1 cm,1,
aran071,4,7.4,1 cm,1,
aran071,5,7,"0,5 cm",0.5,
aran071,6,6.6,1 cm,1,
aran071,7,1.3,cm,1,
aran071,8,6.9,1 cm,1,
aran071,9,6.7,1 cm,1,
aran071,10,5.3,1 cm,1,
aran071,11,5.3,1 cm,1,
aran071,12,7.6,1 cm,1,
aran071,13,7.2,"0,5 cm",0.5,
aran071,14,1.1,cm,1,
aran071,15,6.6,1 cm,1,
aran072,1,9.2,"0,5 cm",0.5,
aran072,2,9.4,"0,5 cm",0.5,
aran072,3,5.3,"0,5 cm",0.5,
aran072,4,8.9,"0,5 cm",0.5,
aran072,5,7.4,"0,5 cm",0.5,
aran072,6,9,"0,5 cm",0.5,
aran072,7,8.9,"0,5 cm",0.5,
aran072,8,7,"0,5 cm",0.5,
aran072,9,5.9,1 cm,1,
aran072,10,6,"0,5 cm",0.5,
aran072,11,6.9,"0,5 cm",0.5,
aran072,12,8.9,"0,5 cm",0.5,
aran072,13,5.3,1 cm,1,
aran072,14,6.7,"0,5 cm",0.5,
aran072,15,6.6,1 cm,1,
aran072,16,6.4,1 cm,1,
aran072,17,7.1,1 cm,1,
aran072,18,6.5,1 cm,1,
aran072,19,8.3,"0,5 cm",0.5,
aran072,20,9.7,"0,5 cm",0.5,
aran073,1,8.3,"0,5 cm",0.5,
aran073,2,7.5,"0,5 cm",0.5,
aran073,3,8.5,"0,5 cm",0.5,
aran073,4,9.1,"0,5 cm",0.5,
aran073,5,5.1,"0,5 cm",0.5,
aran073,6,7.1,1 cm,1,
aran073,7,5.2,"0,5 cm",0.5,
aran073,8,7.6,"0,5 cm",0.5,
aran073,9,5.6,"0,5 cm",0.5,
aran073,10,9.6,"0,5 cm",0.5,
aran073,11,7.8,"0,5 cm",0.5,
aran073,12,9.2,"0,5 cm",0.5,
aran073,13,7.1,"0,5 cm",0.5,
aran073,14,5.9,"0,5 cm",0.5,
aran073,15,7.5,"0,5 cm",0.5,
aran073,16,6.5,1 cm,1,
aran073,17,5.3,1 cm,1,
aran073,18,6.2,"0,5 cm",0.5,
aran073,19,8.1,"0,5 cm",0.5,
aran073,20,6,1 cm,1,
aran074,1,8.1,"0,5 cm",0.5,
aran074,2,5.8,"0,5 cm",0.5,
aran074,3,6.2,"0,5 cm",0.5,
aran074,4,8.4,"0,5 cm",0.5,
aran074,5,5.7,"0,5 cm",0.5,
aran074,6,4.2,"0,5 cm",0.5,
aran074,7,4.6,"0,5 cm",0.5,
aran074,8,3.8,"0,5 cm",0.5,
aran074,9,3.2,"0,5 cm",0.5,
aran075,1,5.9,"0,5 cm",0.5,
aran075,2,5.8,"0,5 cm",0.5,
aran075,3,6.1,"0,5 cm",0.5,
aran075,4,7.7,"0,5 cm",0.5,
aran075,5,5.3,"0,5 cm",0.5,
aran075,6,4.7,"0,5 cm",0.5,
aran076,1,4.8,"0,5 cm",0.5,
aran076,2,4.5,"0,5 cm",0.5,
aran077,1,7.7,1 cm,1,
aran077,2,6.7,1 cm,1,
aran077,3,7.2,"0,5 cm",0.5,
aran077,4,7.7,"0,5 cm",0.5,
aran077,5,9.1,1 cm,1,
aran077,6,1.2,cm,1,
aran077,7,1.4,cm,1,
aran077,8,1.1,cm,1,
aran077,9,6.5,"0,5 cm",0.5,
aran077,10,6.7,1 cm,1,
aran077,11,7.1,"0,5 cm",0.5,
aran077,12,10.2,1 cm,1,
aran077,13,1.4,cm,1,
aran077,14,7.8,1 cm,1,
aran077,15,6.8,"0,5 cm",0.5,
aran077,16,7.8,"0,5 cm",0.5,
aran077,17,7.8,"0,5 cm",0.5,
aran077,18,6.1,"0,5 cm",0.5,
aran077,19,9.7,"0,5 cm",0.5,
aran077,20,1.2,cm,1,
aran078,1,5.8,1 cm,1,
aran078,2,5.7,1 cm,1,
aran078,3,6.2,1 cm,1,
aran078,4,6.5,1 cm,1,
aran078,5,5.9,1 cm,1,
aran078,6,5.1,1 cm,1,
aran078,7,9.5,"0,5 cm",0.5,
aran078,8,6,1 cm,1,
aran078,9,7.5,1 cm,1,
aran078,10,6.6,1 cm,1,
aran079,1,8.9,"0,5 cm",0.5,
aran079,2,9.5,"0,5 cm",0.5,
aran079,3,5.9,"0,5 cm",0.5,
aran079,4,5.5,1 cm,1,
aran079,5,7,"0,5 cm",0.5,
aran079,6,10,"0,5 cm",0.5,
aran079,7,8.8,"0,5 cm",0.5,
aran079,8,7.7,1 cm,1,
aran080,1,6.5,"0,5 cm",0.5,
aran080,2,7.3,"0,5 cm",0.5,
aran080,3,4.4,"0,5 cm",0.5,
aran080,4,9.9,"0,5 cm",0.5,
aran081,1,6.1,1 cm,1,
aran081,2,5.5,1 cm,1,
aran082,1,6,"0,5 cm",0.5,
aran082,2,7.6,"0,5 cm",0.5,
aran082,3,6.3,1 cm,1,
aran082,4,9.2,"0,5 cm",0.5,
aran083,1,6.9,"0,5 cm",0.5,
aran083,2,6.1,1 cm,1,
aran083,3,8.6,"0,5 cm",0.5,
aran083,4,5.5,1 cm,1,
aran084,1,6.8,1 cm,1,
aran084,2,8.4,1 cm,1,
aran084,3,5.6,1 cm,1,
aran084,4,5.8,1 cm,1,
aran084,5,4.9,1 cm,1,
aran084,6,5.8,"0,5 cm",0.5,
aran085,1,7.3,"0,5 cm",0.5,
aran086,1,5.8,1 cm,1,
aran086,2,9.3,1 cm,1,
aran086,3,9.1,"0,5 cm",0.5,
aran086,4,1.1,cm,1,
aran086,5,7.5,1 cm,1,
aran086,6,8.8,"0,5 cm",0.5,
aran086,7,5.2,1 cm,1,
aran086,8,7.1,1 cm,1,
aran086,9,5.3,1 cm,1,
aran086,10,8.6,1 cm,1,
aran086,11,7.2,1 cm,1,
aran086,12,5.3,1 cm,1,
aran086,13,8.4,1 cm,1,
aran086,14,8.1,1 cm,1,
aran086,15,7.7,1 cm,1,
aran086,16,5.6,1 cm,1,
aran086,17,1.2,cm,1,
aran086,18,9.3,1 cm,1,
aran087,1,1.4,cm,1,
aran087,2,1.3,cm,1,
aran087,3,1.3,cm,1,
aran087,4,1.1,cm,1,
aran087,5,8,1 cm,1,
aran087,6,8.1,1 cm,1,
aran087,7,7.5,1 cm,1,
aran087,8,9.3,1 cm,1,
aran088,1,6.9,1 cm,1,
aran088,2,7.9,1 cm,1,
aran088,3,9.6,"0,5 cm",0.5,
aran088,4,8.7,1 cm,1,
aran088,5,6.1,1 cm,1,
aran088,6,5.2,1 cm,1,
aran088,7,6,1 cm,1,
aran088,8,9.3,1 cm,1,
aran088,9,7.1,1 cm,1,
aran088,10,8,"0,5 cm",0.5,
aran088,11,1.1,cm,1,
aran089,1,6.1,1 cm,1,
aran089,2,5.5,1 cm,1,
aran089,3,6.3,1 cm,1,
aran089,4,7,"0,5 cm",0.5,
aran089,5,4.5,"0,5 cm",0.5,
aran089,6,6.8,1 cm,1,
aran089,7,8.4,1 cm,1,
aran089,8,6,1 cm,1,
aran089,9,6.6,1 cm,1,
aran089,10,6.8,"0,5 cm",0.5,
aran089,11,8,"0,5 cm",0.5,
aran089,12,9.6,"0,5 cm",0.5,
aran090,1,5.4,1 cm,1,
aran090,2,5.6,1 cm,1,
aran090,3,5.5,1 cm,1,
aran090,4,6.5,1 cm,1,
aran090,5,5,1 cm,1,
aran090,6,6.1,1 cm,1,
aran090,7,6.2,1 cm,1,
aran090,8,5.4,1 cm,1,
aran090,9,6.2,1 cm,1,
aran090,10,6,1 cm,1,
aran090,11,5.9,1 cm,1,
aran090,12,5.1,1 cm,1,
aran090,13,9.7,"0,5 cm",0.5,
aran090,14,6.9,1 cm,1,
aran090,15,5.6,1 cm,1,
aran091,1,8.4,"0,5 cm",0.5,
aran091,2,5.8,1 cm,1,
aran092,1,6.4,1 cm,1,
aran092,2,5.3,1 cm,1,
aran092,3,5.7,1 cm,1,
aran092,4,3.9,"0,5 cm",0.5,
aran093,1,7.2,1 cm,1,
aran093,2,6.4,1 cm,1,
aran094,1,7.8,1 cm,1,
aran095,1,5,1 cm,1,
aran095,2,5.1,1 cm,1,
aran096,1,5.2,1 cm,1,
aran097,1,1.4,cm,1,
aran098,1,1.3,cm,1,
aran098,2,9.6,1 cm,1,
aran099,1,5.1,"0,5 cm",0.5,
aran099,2,4.5,"0,5 cm",0.5,
aran099,3,5.8,"0,5 cm",0.5,
aran099,4,4.2,"0,5 cm",0.5,
aran099,5,4.3,"0,5 cm",0.5,
aran099,6,6.7,"0,5 cm",0.5,
aran099,7,4.3,"0,5 cm",0.5,
aran099,8,5.4,"0,5 cm",0.5,
aran100,1,6.2,1 cm,1,
aran100,2,6,1 cm,1,
aran101,1,5.2,1 cm,1,
aran101,2,5,1 cm,1,
aran101,3,5.9,"0,5 cm",0.5,
aran102,1,5.9,1 cm,1,
aran103,1,9.1,1 cm,1,
aran103,2,6.8,1 cm,1,
aran104,1,9.5,"0,5 cm",0.5,
aran104,2,8.9,"0,5 cm",0.5,
aran104,3,8.4,"0,5 cm",0.5,
aran104,4,6.3,1 cm,1,
aran104,5,9.3,"0,5 cm",0.5,
aran104,6,8.2,"0,5 cm",0.5,
aran104,7,6.8,"0,5 cm",0.5,
aran104,8,9.1,"0,5 cm",0.5,
aran105,1,9.8,"0,5 cm",0.5,
aran106,1,9,1 cm,1,
aran106,2,6.9,1 cm,1,
aran106,3,9.6,1 cm,1,
aran106,4,9.1,1 cm,1,
aran106,5,9.9,1 cm,1,
aran106,6,7.5,1 cm,1,
aran106,7,9,1 cm,1,
aran107,1,5.7,"0,5 cm",0.5,
aran107,2,5.6,"0,5 cm",0.5,
aran107,3,4.7,"0,5 cm",0.5,
aran107,4,4,"0,5 cm",0.5,
aran108,1,9.4,"0,5 cm",0.5,
aran109,1,5,"0,5 cm",0.5,
aran110,1,7.2,"0,5 cm",0.5,
aran111,1,7.1,1 cm,1,
aran112,1,7.2,1 cm,1,
aran112,2,5,1 cm,1,
aran112,3,8.3,"0,5 cm",0.5,
aran113,1,9.2,"0,5 cm",0.5,
aran114,1,4.6,"0,5 cm",0.5,
aran115,1,6.5,"0,5 cm",0.5,
aran115,2,5.2,1 cm,1,
aran116,1,9.1,1 cm,1,
aran117,1,6.1,1 cm,1,
aran117,2,6.2,1 cm,1,
aran117,3,5.7,1 cm,1,
aran117,4,5.9,1 cm,1,
aran118,1,6.1,1 cm,1,
aran118,2,7.2,1 cm,1,
aran118,3,7.8,1 cm,1,
aran118,4,5.6,1 cm,1,
aran118,5,7.3,1 cm,1,
aran118,6,8.6,1 cm,1,
aran118,7,8,1 cm,1,
aran118,8,6.2,1 cm,1,
aran118,9,9.5,1 cm,1,
aran119,1,7.4,1 cm,1,
aran119,2,6.6,1 cm,1,
aran119,3,8.5,"0,5 cm",0.5,
aran119,4,6.1,1 cm,1,
aran119,5,6,1 cm,1,
aran119,6,8.4,"0,5 cm",0.5,
aran120,1,7.2,1 cm,1,
aran121,1,7.3,"0,5 cm",0.5,
aran121,2,6,1 cm,1,
aran122,1,6,1 cm,1,
aran122,2,6.3,1 cm,1,
aran122,3,8,"0,5 cm",0.5,
aran122,4,7.2,"0,5 cm",0.5,
aran122,5,6,"0,5 cm",0.5,
aran122,6,8.3,"0,5 cm",0.5,
aran122,7,8.3,"0,5 cm",0.5,
aran122,8,8,"0,5 cm",0.5,
aran122,9,6,"0,5 cm",0.5,
aran122,10,6.6,1 cm,1,
aran123,1,4.9,"0,5 cm",0.5,
aran123,2,4.6,"0,5 cm",0.5,
aran124,1,6.7,1 cm,1,
aran125,1,1.4,cm,1,
aran126,1,7.5,"0,5 cm",0.5,
aran127,1,1.5,cm,1,
aran128,1,5.6,1 cm,1,
aran129,1,5.6,1 cm,1,
aran130,1,5.2,"0,5 cm",0.5,
aran131,1,1.4,cm,1,
aran132,1,8,1 cm,1,
hemi001,1,1,cm,1,
hemi001,2,1.5,cm,1,
hemi001,3,7.7,1 cm,1,
hemi001,4,9.8,1 cm,1,
hemi001,5,1,cm,1,
hemi001,6,9.2,1 cm,1,
hemi001,7,1,cm,1,
hemi001,8,5.5,1 cm,1,
hemi001,9,1.35,cm,1,
hemi001,10,1.2,cm,1,
hemi001,11,9,"0,5 cm",0.5,
hemi001,12,1.15,cm,1,
hemi001,13,7.4,"0,5 cm",0.5,
hemi001,14,7,1 cm,1,
hemi001,15,1.55,cm,1,
hemi001,16,1.35,cm,1,
hemi001,17,8.4,1 cm,1,
hemi001,18,8.2,1 cm,1,
hemi001,19,7.1,"0,5 cm",0.5,
hemi001,20,1.3,cm,1,
hemi002,1,1.35,cm,1,
hemi002,2,1.5,cm,1,
hemi002,3,8.1,1 cm,1,
hemi002,4,9.9,"0,5 cm",0.5,
hemi002,5,1.3,cm,1,
hemi002,6,1.25,cm,1,
hemi002,7,1.6,cm,1,
hemi002,8,8.9,1 cm,1,
hemi002,9,8,1 cm,1,
hemi002,10,1.4,cm,1,
hemi002,11,5,1 cm,1,
hemi002,12,1.2,cm,1,
hemi002,13,9.5,1 cm,1,
hemi002,14,1.1,cm,1,
hemi002,15,1.15,cm,1,
hemi002,16,10,1 cm,1,
hemi002,17,7.5,1 cm,1,
hemi002,18,9.8,"0,5 cm",0.5,
hemi002,19,6.1,1 cm,1,
hemi002,20,8.4,1 cm,1,
hemi003,1,5.9,1 cm,1,
hemi003,2,8.6,1 cm,1,
hemi003,3,9,1 cm,1,
hemi003,4,6,1 cm,1,
hemi003,5,9.8,1 cm,1,
hemi003,6,9.4,1 cm,1,
hemi003,7,5.2,1 cm,1,
hemi003,8,9.1,1 cm,1,
hemi003,9,1.05,cm,1,
hemi003,10,9,1 cm,1,
hemi003,11,10,1 cm,1,
hemi003,12,9,1 cm,1,
hemi003,13,9.1,1 cm,1,
hemi003,14,1.1,cm,1,
hemi003,15,10,1 cm,1,
hemi003,16,8.2,1 cm,1,
hemi003,17,9.1,1 cm,1,
hemi003,18,1.1,cm,1,
hemi003,19,10,1 cm,1,
hemi003,20,8.3,1 cm,1,
hemi004,1,1.5,cm,1,
hemi004,2,1.5,cm,1,
hemi004,3,1.5,cm,1,
hemi004,4,1.5,cm,1,
hemi004,5,1.6,cm,1,
hemi004,6,1.65,cm,1,
hemi004,7,1.65,cm,1,
hemi005,1,1.7,cm,1,
hemi005,2,2.2,cm,1,
hemi005,3,1.7,cm,1,
hemi006,1,6.9,"0,5 cm",0.5,
hemi006,2,9.8,"0,5 cm",0.5,
hemi006,3,7.7,"0,5 cm",0.5,
hemi006,4,9.5,"0,5 cm",0.5,
hemi006,5,5.3,1 cm,1,
hemi006,6,5.3,1 cm,1,
hemi006,7,5.6,1 cm,1,
hemi006,8,5.4,1 cm,1,
hemi006,9,5.2,1 cm,1,
hemi006,10,9.1,"0,5 cm",0.5,
hemi006,11,7.7,"0,5 cm",0.5,
hemi006,12,5.6,1 cm,1,
hemi006,13,5.1,1 cm,1,
hemi006,14,5,1 cm,1,
hemi006,15,5.2,1 cm,1,
hemi006,16,5,1 cm,1,
hemi006,17,7.5,"0,5 cm",0.5,
hemi006,18,5.2,1 cm,1,
hemi006,19,5,1 cm,1,
hemi006,20,8,"0,5 cm",0.5,
hemi007,1,8.4,"0,5 cm",0.5,
hemi007,2,9.5,"0,5 cm",0.5,
hemi007,3,10.1,"0,5 cm",0.5,
hemi008,1,7,"0,5 cm",0.5,
hemi008,2,7.5,"0,5 cm",0.5,
hemi008,3,5.2,"0,5 cm",0.5,
hemi008,4,7.1,"0,5 cm",0.5,
hemi008,5,7.4,"0,5 cm",0.5,
hemi008,6,5.6,1 cm,1,
hemi008,7,4.9,1 cm,1,
hemi008,8,4,"0,5 cm",0.5,
hemi008,9,8.6,"0,5 cm",0.5,
hemi008,10,7.4,"0,5 cm",0.5,
hemi008,11,7.9,"0,5 cm",0.5,
hemi008,12,5.5,1 cm,1,
hemi008,13,5.8,1 cm,1,
hemi008,14,5.4,"0,5 cm",0.5,
hemi008,15,5.6,"0,5 cm",0.5,
hemi008,16,7.4,"0,5 cm",0.5,
hemi008,17,5.2,"0,5 cm",0.5,
hemi008,18,6.9,"0,5 cm",0.5,
hemi008,19,7.2,"0,5 cm",0.5,
hemi008,20,7.1,"0,5 cm",0.5,
hemi009,1,7.5,"0,5 cm",0.5,
hemi009,2,5.4,"0,5 cm",0.5,
hemi009,3,6.5,"0,5 cm",0.5,
hemi009,4,6.1,"0,5 cm",0.5,
hemi009,5,6.1,"0,5 cm",0.5,
hemi009,6,6.2,"0,5 cm",0.5,
hemi009,7,9.7,"0,5 cm",0.5,
hemi009,8,5.8,"0,5 cm",0.5,
hemi009,9,4.9,"0,5 cm",0.5,
hemi009,10,5.4,1 cm,1,
hemi009,11,7.6,"0,5 cm",0.5,
hemi009,12,5.7,"0,5 cm",0.5,
hemi009,13,6.4,"0,5 cm",0.5,
hemi009,14,6.9,"0,5 cm",0.5,
hemi009,15,5.8,"0,5 cm",0.5,
hemi009,16,7.1,"0,5 cm",0.5,
hemi009,17,7.3,"0,5 cm",0.5,
hemi009,18,3.5,"0,5 cm",0.5,
hemi009,19,5.3,"0,5 cm",0.5,
hemi009,20,10.1,"0,5 cm",0.5,
hemi010,1,8.6,"0,5 cm",0.5,
hemi010,2,8.7,"0,5 cm",0.5,
hemi010,3,7.2,"0,5 cm",0.5,
hemi010,4,7.6,"0,5 cm",0.5,
hemi010,5,7.9,"0,5 cm",0.5,
hemi010,6,8.2,"0,5 cm",0.5,
hemi010,7,7.7,"0,5 cm",0.5,
hemi010,8,7.6,"0,5 cm",0.5,
hemi010,9,8.6,"0,5 cm",0.5,
hemi010,10,9.8,"0,5 cm",0.5,
hemi010,11,7.5,"0,5 cm",0.5,
hemi010,12,9.5,"0,5 cm",0.5,
hemi010,13,7.2,"0,5 cm",0.5,
hemi010,14,8.1,"0,5 cm",0.5,
hemi010,15,7.2,"0,5 cm",0.5,
hemi010,16,9.6,"0,5 cm",0.5,
hemi010,17,5.8,1 cm,1,
hemi010,18,4.7,1 cm,1,
hemi010,19,9.5,"0,5 cm",0.5,
hemi010,20,7.7,"0,5 cm",0.5,
hemi011,1,5.7,1 cm,1,
hemi011,2,6.9,1 cm,1,
hemi011,3,7.3,1 cm,1,
hemi011,4,6.6,1 cm,1,
hemi011,5,6.9,1 cm,1,
hemi011,6,7.1,1 cm,1,
hemi011,7,7.2,1 cm,1,
hemi011,8,7.1,1 cm,1,
hemi011,9,7.2,1 cm,1,
hemi011,10,7.4,1 cm,1,
hemi011,11,7.1,1 cm,1,
hemi011,12,7.3,1 cm,1,
hemi011,13,7.3,1 cm,1,
hemi011,14,7.2,1 cm,1,
hemi011,15,7.2,1 cm,1,
hemi011,16,7.2,1 cm,1,
hemi011,17,7,1 cm,1,
hemi011,18,7.4,1 cm,1,
hemi011,19,7.1,1 cm,1,
hemi011,20,6.8,1 cm,1,
hemi012,1,6.2,1 cm,1,
hemi012,2,6,1 cm,1,
hemi012,3,6.3,1 cm,1,
hemi012,4,6.2,1 cm,1,
hemi012,5,6.5,1 cm,1,
hemi012,6,6.4,1 cm,1,
hemi012,7,6.6,1 cm,1,
hemi012,8,6.6,1 cm,1,
hemi012,9,6.5,1 cm,1,
hemi012,10,6.3,1 cm,1,
hemi012,11,6.3,1 cm,1,
hemi012,12,6.6,1 cm,1,
hemi012,13,6,1 cm,1,
hemi012,14,6.5,1 cm,1,
hemi012,15,6.3,1 cm,1,
hemi012,16,6.1,1 cm,1,
hemi012,17,5.9,1 cm,1,
hemi012,18,6.1,1 cm,1,
hemi012,19,6.4,1 cm,1,
hemi012,20,6.5,1 cm,1,
hemi013,1,1.1,cm,1,
hemi013,2,1.1,cm,1,
hemi013,3,1.1,cm,1,
hemi014,1,8.3,1 cm,1,
hemi014,2,8.5,1 cm,1,
hemi014,3,8.9,1 cm,1,
hemi014,4,8.4,1 cm,1,
hemi014,5,8.9,1 cm,1,
hemi014,6,8.7,1 cm,1,
hemi014,7,9.1,1 cm,1,
hemi014,8,8.3,1 cm,1,
hemi014,9,7.5,1 cm,1,
hemi014,10,7.1,1 cm,1,
hemi014,11,9,1 cm,1,
hemi014,12,7.7,1 cm,1,
hemi014,13,7.4,1 cm,1,
hemi014,14,8.6,1 cm,1,
hemi014,15,8.9,1 cm,1,
hemi014,16,6.9,1 cm,1,
hemi014,17,8.3,1 cm,1,
hemi014,18,9,1 cm,1,
hemi014,19,7.5,1 cm,1,
hemi014,20,8.3,1 cm,1,
hemi015,1,1.3,cm,1,
hemi016,1,5.2,1 cm,1,
hemi016,2,9.3,"0,5 cm",0.5,
hemi016,3,5.6,1 cm,1,
hemi016,4,8.5,"0,5 cm",0.5,
hemi016,5,5.4,1 cm,1,
hemi016,6,5.1,1 cm,1,
hemi016,7,9.4,"0,5 cm",0.5,
hemi016,8,5.3,1 cm,1,
hemi016,9,5.3,1 cm,1,
hemi017,1,5.9,1 cm,1,
hemi017,2,6.2,1 cm,1,
hemi017,3,5.6,1 cm,1,
hemi017,4,6.9,1 cm,1,
hemi017,5,5.9,1 cm,1,
hemi017,6,6.9,1 cm,1,
hemi017,7,6.3,1 cm,1,
hemi017,8,6.8,1 cm,1,
hemi017,9,7.2,1 cm,1,
hemi017,10,7.1,1 cm,1,
hemi017,11,9.4,"0,5 cm",0.5,
hemi017,12,7.8,"0,5 cm",0.5,
hemi017,13,6.6,1 cm,1,
hemi017,14,9.6,"0,5 cm",0.5,
hemi017,15,5.6,1 cm,1,
hemi017,16,6.7,1 cm,1,
hemi017,17,7.1,1 cm,1,
hemi017,18,5.2,1 cm,1,
hemi017,19,7,1 cm,1,
hemi017,20,7,1 cm,1,
hemi018,1,6.7,1 cm,1,
hemi018,2,8.2,1 cm,1,
hemi018,3,6.7,1 cm,1,
hemi018,4,6.5,1 cm,1,
hemi018,5,6,1 cm,1,
hemi018,6,7.7,1 cm,1,
hemi018,7,8.4,1 cm,1,
hemi018,8,6.3,1 cm,1,
hemi018,9,8.9,1 cm,1,
hemi018,10,6.6,1 cm,1,
hemi018,11,8.8,1 cm,1,
hemi018,12,8.5,1 cm,1,
hemi018,13,8.6,1 cm,1,
hemi018,14,8.7,1 cm,1,
hemi018,15,8.5,1 cm,1,
hemi018,16,6.6,1 cm,1,
hemi018,17,6.7,1 cm,1,
hemi018,18,6.6,1 cm,1,
hemi018,19,6.6,1 cm,1,
hemi018,20,6.6,1 cm,1,
hemi019,1,8,1 cm,1,
hemi019,2,8.3,1 cm,1,
hemi019,3,7.6,1 cm,1,
hemi019,4,10,1 cm,1,
hemi019,5,8.8,1 cm,1,
hemi019,6,8.2,1 cm,1,
hemi019,7,9.9,1 cm,1,
hemi019,8,9.7,1 cm,1,
hemi019,9,10,1 cm,1,
hemi019,10,7.6,1 cm,1,
hemi020,1,1.8,cm,1,
hemi020,2,1.8,cm,1,
hemi020,3,1.8,cm,1,
hemi020,4,1.8,cm,1,
hemi020,5,1.2,cm,1,
hemi020,6,2.2,cm,1,
hemi020,7,1.6,cm,1,
hemi020,8,1.6,cm,1,
hemi020,9,1.7,cm,1,
hemi021,1,2.5,cm,1,
hemi021,2,2.4,cm,1,
hemi021,3,2.1,cm,1,
hemi021,4,2,cm,1,
hemi021,5,2.1,cm,1,
hemi021,6,2.5,cm,1,
hemi021,7,2.3,cm,1,
hemi021,8,2.2,cm,1,
hemi021,9,2.1,cm,1,
hemi021,10,1.7,cm,1,
hemi021,11,2.2,cm,1,
hemi021,12,2.3,cm,1,
hemi022,1,6.7,"0,5 cm",0.5,
hemi023,1,5.7,1 cm,1,
hemi023,2,5.7,1 cm,1,
hemi023,3,6,1 cm,1,
hemi023,4,4.8,1 cm,1,
hemi023,5,5.3,1 cm,1,
hemi023,6,4.6,1 cm,1,
hemi023,7,5.4,1 cm,1,
hemi023,8,6.2,1 cm,1,
hemi023,9,7.7,"0,5 cm",0.5,
hemi023,10,5.2,1 cm,1,
hemi023,11,6.6,1 cm,1,
hemi023,12,6,1 cm,1,
hemi023,13,6.5,1 cm,1,
hemi023,14,6.7,1 cm,1,
hemi023,15,6.3,1 cm,1,
hemi023,16,5.6,1 cm,1,
hemi023,17,6,1 cm,1,
hemi023,18,5.1,1 cm,1,
hemi023,19,6.5,1 cm,1,
hemi024,1,1.4,cm,1,
hemi025,1,1.4,cm,1,
hemi025,2,1.5,cm,1,
hemi025,3,1.5,cm,1,
hemi025,4,1.4,cm,1,
hemi025,5,1.4,cm,1,
hemi025,6,1.4,cm,1,
hemi025,7,1.5,cm,1,
hemi025,8,1.4,cm,1,
hemi025,9,1.4,cm,1,
hemi025,10,1.5,cm,1,
hemi025,11,1.3,cm,1,
hemi025,12,1.3,cm,1,
hemi025,13,1.5,cm,1,
hemi025,14,1.5,cm,1,
hemi025,15,1.4,cm,1,
hemi025,16,1.5,cm,1,
hemi025,17,1.4,cm,1,
hemi026,1,5,1 cm,1,
hemi026,2,7.5,1 cm,1,
hemi026,3,9.4,1 cm,1,
hemi026,4,7.3,1 cm,1,
hemi027,1,5.5,"0,5 cm",0.5,
hemi027,2,5.6,"0,5 cm",0.5,
hemi028,1,8.3,1 cm,1,
hemi028,2,9.5,1 cm,1,
hemi028,3,9.5,1 cm,1,
hemi028,4,1.3,cm,1,
hemi028,5,10.2,1 cm,1,
hemi028,6,9.9,1 cm,1,
hemi028,7,1.1,cm,1,
hemi028,8,9.8,1 cm,1,
hemi028,9,1.2,cm,1,
hemi028,10,1.1,cm,1,
hemi028,11,1.4,cm,1,
hemi028,12,9.9,1 cm,1,
hemi028,13,10,1 cm,1,
hemi028,14,6.7,1 cm,1,
hemi028,15,7.6,1 cm,1,
hemi028,16,8.6,1 cm,1,
hemi028,17,8,1 cm,1,
hemi028,18,1,cm,1,
hemi028,19,9.3,1 cm,1,
hemi028,20,10,1 cm,1,
hemi029,1,1.6,cm,1,
hemi030,1,8.8,1 cm,1,
hemi030,2,8,1 cm,1,
hemi030,3,1.1,cm,1,
hemi030,4,9.5,1 cm,1,
hemi030,5,1.2,cm,1,
hemi030,6,8.5,1 cm,1,
hemi030,7,8.9,1 cm,1,
hemi030,8,1.2,cm,1,
hemi030,9,9.9,1 cm,1,
hemi030,10,1.2,cm,1,
hemi030,11,1.1,cm,1,
hemi031,1,6.1,1 cm,1,
hemi031,2,6.9,1 cm,1,
hemi031,3,6.2,1 cm,1,
hemi031,4,6.6,1 cm,1,
hemi031,5,6.5,1 cm,1,
hemi031,6,6.5,1 cm,1,
hemi031,7,6,1 cm,1,
hemi031,8,6.3,1 cm,1,
hemi031,9,6.3,1 cm,1,
hemi031,10,6,1 cm,1,
hemi031,11,6.2,1 cm,1,
hemi031,12,6.1,1 cm,1,
hemi031,13,6.1,1 cm,1,
hemi031,14,6.4,1 cm,1,
hemi031,15,9.2,1 cm,1,
hemi031,16,6.4,1 cm,1,
hemi032,1,1.3,cm,1,
hemi032,2,1.4,cm,1,
hemi033,1,1.6,cm,1,
hemi034,1,8.4,"0,5 cm",0.5,
hemi034,2,5.8,1 cm,1,
hemi034,3,8.1,"0,5 cm",0.5,
hemi034,4,6.3,1 cm,1,
hemi035,1,8.4,1 cm,1,
hemi035,2,7.8,1 cm,1,
hemi035,3,8.4,1 cm,1,
hemi035,4,8.5,1 cm,1,
hemi035,5,7,1 cm,1,
hemi035,6,7.5,1 cm,1,
hemi035,7,7.3,1 cm,1,
hemi035,8,7.6,1 cm,1,
hemi035,9,6.5,1 cm,1,
hemi035,10,6.6,1 cm,1,
hemi035,11,7.9,1 cm,1,
hemi035,12,8.8,1 cm,1,
hemi035,13,7.5,1 cm,1,
hemi035,14,7,1 cm,1,
hemi036,1,5.3,1 cm,1,
hemi036,2,7.3,1 cm,1,
hemi036,3,5.9,1 cm,1,
hemi036,4,5.8,1 cm,1,
hemi036,5,9.1,1 cm,1,
hemi036,6,6.4,1 cm,1,
hemi037,1,1.7,cm,1,
hemi037,2,1.6,cm,1,
hemi037,3,1.6,cm,1,
hemi037,4,1.5,cm,1,
hemi037,5,1.6,cm,1,
hemi037,6,1.7,cm,1,
hemi038,1,6,1 cm,1,
hemi038,2,5.8,1 cm,1,
hemi038,3,5.4,1 cm,1,
hemi038,4,5.1,1 cm,1,
hemi038,5,5.9,1 cm,1,
hemi038,6,7.2,1 cm,1,
hemi038,7,5.2,1 cm,1,
hemi038,8,5.2,1 cm,1,
hemi039,1,6.8,"0,5 cm",0.5,
hemi039,2,6.3,"0,5 cm",0.5,
hemi039,3,9.6,"0,5 cm",0.5,
hemi039,4,9.9,"0,5 cm",0.5,
hemi039,5,7.2,"0,5 cm",0.5,
hemi039,6,9.5,"0,5 cm",0.5,
hemi039,7,9.5,"0,5 cm",0.5,
hemi039,8,7.6,"0,5 cm",0.5,
hemi039,9,6.5,"0,5 cm",0.5,
hemi039,10,7.6,"0,5 cm",0.5,
hemi039,11,7.1,"0,5 cm",0.5,
hemi039,12,6.8,"0,5 cm",0.5,
hemi039,13,6.2,1 cm,1,
hemi039,14,7.4,"0,5 cm",0.5,
hemi039,15,7.7,"0,5 cm",0.5,
hemi039,16,6.9,"0,5 cm",0.5,
hemi039,17,7.3,"0,5 cm",0.5,
hemi039,18,6.9,"0,5 cm",0.5,
hemi039,19,9.9,"0,5 cm",0.5,
hemi039,20,5.6,1 cm,1,
hemi040,1,1.5,cm,1,
hemi041,1,9.4,1 cm,1,
hemi042,1,8.2,1 cm,1,
hemi043,1,6.3,1 cm,1,
hemi043,2,7.5,1 cm,1,
hemi044,1,9.7,1 cm,1,
hemi044,2,9.6,1 cm,1,
hemi044,3,7.9,1 cm,1,
hemi044,4,9.1,1 cm,1,
hemi044,5,9.2,1 cm,1,
hemi044,6,9.7,1 cm,1,
hemi045,1,1.4,cm,1,
hemi045,2,5.3,1 cm,1,
hemi045,3,6.4,1 cm,1,
hemi045,4,1.3,cm,1,
hemi045,5,1.4,cm,1,
hemi045,6,1.3,cm,1,
hemi045,7,1.4,cm,1,
hemi045,8,1.4,cm,1,
hemi045,9,1.4,cm,1,
hemi045,10,1.3,cm,1,
hemi045,11,1.4,cm,1,
hemi045,12,1.4,cm,1,
hemi045,13,1.3,cm,1,
hemi045,14,1.1,cm,1,
hemi046,1,7,1 cm,1,
hemi047,1,2.1,cm,1,
hemi047,2,2.1,cm,1,
hemi047,3,2.1,cm,1,
hemi047,4,2.1,cm,1,
hemi047,5,2,cm,1,
hemi047,6,2,cm,1,
hemi047,7,2,cm,1,
hemi047,8,2.1,cm,1,
hemi047,9,2,cm,1,
hemi047,10,2.1,cm,1,
hemi047,11,2,cm,1,
hemi048,1,1.9,cm,1,
hemi048,2,1.7,cm,1,
hemi049,1,7.3,1 cm,1,
hemi049,2,6.1,1 cm,1,
hemi050,1,1.4,cm,1,
hemi051,1,2.1,cm,1,
hemi051,2,2.1,cm,1,
hemi051,3,2.1,cm,1,
hemi051,4,2,cm,1,
hemi052,1,7.4,1 cm,1,
hemi053,1,7,1 cm,1,
hemi054,1,2,cm,1,
hemi055,1,1.7,cm,1,
hemi055,2,1.4,cm,1,
hemi055,3,1.4,cm,1,
hemi055,4,1.4,cm,1,
hemi055,5,1.5,cm,1,
hemi055,6,1.4,cm,1,
hemi055,7,1.6,cm,1,
hemi055,8,1.4,cm,1,
hemi055,9,1.5,cm,1,
hemi056,1,2.3,cm,1,
hemi057,1,5.5,1 cm,1,
hemi058,1,9.2,1 cm,1,
hemi059,1,9,"0,5 cm",0.5,
hemi059,2,6.7,"0,5 cm",0.5,
hemi059,3,9.2,"0,5 cm",0.5,
hemi059,4,9.9,"0,5 cm",0.5,
hemi059,5,9.3,"0,5 cm",0.5,
hemi059,6,9.5,"0,5 cm",0.5,
hemi059,7,9.5,"0,5 cm",0.5,
hemi059,8,9.2,"0,5 cm",0.5,
hemi059,9,9.6,"0,5 cm",0.5,
hemi059,10,8.6,"0,5 cm",0.5,
hemi059,11,9.2,"0,5 cm",0.5,
hemi060,1,2.5,cm,1,
hemi060,2,2.1,cm,1,
hemi061,1,7.6,1 cm,1,
hemi061,2,9.4,1 cm,1,
hemi061,3,7.2,1 cm,1,
hemi061,4,7.6,1 cm,1,
hemi061,5,8.2,1 cm,1,
hemi061,6,9.8,1 cm,1,
hemi061,7,7.9,1 cm,1,
hemi061,8,10.2,1 cm,1,
hemi061,9,5.2,1 cm,1,
hemi061,10,6.8,1 cm,1,
hemi061,11,4.9,1 cm,1,
hemi061,12,5.3,1 cm,1,
hemi061,13,1.2,cm,1,
hemi061,14,7.9,1 cm,1,
hemi062,1,1.1,cm,1,
hemi062,2,1.2,cm,1,
hemi063,1,9.2,1 cm,1,
hemi063,2,8.8,1 cm,1,
hemi064,1,8,"0,5 cm",0.5,
hemi065,1,1.4,cm,1,
hemi066,1,1.8,cm,1,
hemi066,2,1.9,cm,1,
hemi067,1,1.5,cm,1,
hemi068,1,10.2,1 cm,1,
hemi068,2,9.3,1 cm,1,
hemi069,1,10.3,1 cm,1,no head
hemi070,1,8.5,1 cm,1,
hemi071,1,8.5,1 cm,1,
hemi072,1,1.1,cm,1,
hemi072,2,1.1,cm,1,
hemi072,3,1.2,cm,1,
hemi072,4,1.2,cm,1,
hemi073,1,8.1,"0,5 cm",0.5,
hemi073,2,8.8,"0,5 cm",0.5,
hemi074,1,1.5,cm,1,
hemi075,1,1.5,cm,1,
hemi076,1,1.6,cm,1,
hemi076,2,1.6,cm,1,
hemi076,3,1.5,cm,1,
hemi077,1,9.6,1 cm,1,
hemi077,2,9.8,1 cm,1,
hemi077,3,9.9,1 cm,1,
hemi078,1,8,1 cm,1,
hemi078,2,9.2,1 cm,1,
hemi078,3,8.2,1 cm,1,
hemi078,4,7.4,1 cm,1,
hemi078,5,8.4,1 cm,1,
hemi079,1,2.3,cm,1,
hemi079,2,1.9,cm,1,
hemi080,1,1.7,cm,1,
hemi081,1,9,"0,5 cm",0.5,
hemi081,2,9.4,"0,5 cm",0.5,
hemi081,3,5.9,1 cm,1,
hemi081,4,5.5,1 cm,1,
hemi081,5,5.2,1 cm,1,
hemi081,6,5.9,1 cm,1,
hemi081,7,8.9,"0,5 cm",0.5,
hemi081,8,9.8,"0,5 cm",0.5,
hemi081,9,8.6,"0,5 cm",0.5,
hemi081,10,9.9,"0,5 cm",0.5,
hemi081,11,5.4,1 cm,1,
hemi081,12,8.8,"0,5 cm",0.5,
hemi081,13,5.3,1 cm,1,
hemi081,14,5.1,1 cm,1,
hemi081,15,5.8,1 cm,1,
hemi081,16,6.4,1 cm,1,
hemi081,17,8.4,"0,5 cm",0.5,
hemi081,18,7.9,"0,5 cm",0.5,
hemi081,19,6.5,"0,5 cm",0.5,
hemi081,20,5.6,"0,5 cm",0.5,
hemi082,1,7.6,"0,5 cm",0.5,
hemi082,2,5.6,"0,5 cm",0.5,
hemi083,1,7.4,1 cm,1,
hemi083,2,5.2,1 cm,1,
hemi083,3,7.5,1 cm,1,
hemi083,4,5.7,1 cm,1,
hemi084,1,9.3,"0,5 cm",0.5,
hemi085,1,1.4,cm,1,
hemi086,1,1.4,cm,1,
hemi086,2,1.1,cm,1,
hemi086,3,9.5,1 cm,1,
hemi087,1,6.9,1 cm,1,
hemi087,2,6.7,1 cm,1,
hemi088,1,1.7,cm,1,
hemi089,1,9.4,1 cm,1,
hemi090,1,9.5,1 cm,1,
hemi091,1,9.1,"0,5 cm",0.5,
hemi092,1,6.8,1 cm,1,
hemi092,2,7.3,1 cm,1,
hemi093,1,9.2,"0,5 cm",0.5,
hemi094,1,8.4,"0,5 cm",0.5,
hemi094,2,9.3,"0,5 cm",0.5,
hemi094,3,9.1,"0,5 cm",0.5,
hemi094,4,10,"0,5 cm",0.5,
hemi094,5,9.9,"0,5 cm",0.5,
hemi094,6,9.6,"0,5 cm",0.5,
hemi094,7,9.4,"0,5 cm",0.5,
hemi094,8,9.3,"0,5 cm",0.5,
hemi094,9,8.8,"0,5 cm",0.5,
hemi094,10,8.5,"0,5 cm",0.5,
hemi094,11,9.6,"0,5 cm",0.5,
hemi094,12,9.2,"0,5 cm",0.5,
hemi094,13,9.3,"0,5 cm",0.5,
hemi094,14,8.8,"0,5 cm",0.5,
hemi094,15,9.7,"0,5 cm",0.5,
hemi094,16,9.2,"0,5 cm",0.5,
hemi094,17,8.4,"0,5 cm",0.5,
hemi094,18,9.7,"0,5 cm",0.5,
hemi094,19,9.8,"0,5 cm",0.5,
hemi094,20,8.9,"0,5 cm",0.5,
homo001,1,6.3,1 cm,1,
homo001,2,5.3,1 cm,1,
homo001,3,8.3,1 cm,1,
homo001,4,7.3,1 cm,1,
homo001,5,7.6,1 cm,1,
homo001,6,7.4,1 cm,1,
homo001,7,6.5,1 cm,1,
homo001,8,7.6,1 cm,1,
homo001,9,6.7,1 cm,1,
homo001,10,7,1 cm,1,
homo001,11,5.5,1 cm,1,
homo001,12,5.9,1 cm,1,
homo001,13,7.4,1 cm,1,
homo001,14,7,1 cm,1,
homo001,15,7.7,1 cm,1,
homo001,16,5.5,1 cm,1,
homo001,17,7.2,1 cm,1,
homo001,18,7.1,1 cm,1,
homo001,19,5.1,1 cm,1,
homo001,20,7.4,1 cm,1,
homo002,1,5.9,1 cm,1,
homo002,2,5.9,1 cm,1,
homo002,3,6,1 cm,1,
homo002,4,5.8,1 cm,1,
homo002,5,5.6,1 cm,1,
homo002,6,5.8,1 cm,1,
homo002,7,6.1,1 cm,1,
homo002,8,5.4,1 cm,1,
homo002,9,5.8,1 cm,1,
homo002,10,5.5,1 cm,1,
homo002,11,6.1,1 cm,1,
homo002,12,5.4,1 cm,1,
homo002,13,5.7,1 cm,1,
homo002,14,6.6,1 cm,1,
homo002,15,6,1 cm,1,
homo002,16,5.5,1 cm,1,
homo002,17,6.5,1 cm,1,
homo002,18,5.9,1 cm,1,
homo002,19,5.2,1 cm,1,
homo002,20,6.3,1 cm,1,
homo003,1,5.3,1 cm,1,
homo003,2,5,1 cm,1,
homo003,3,4.8,1 cm,1,
homo003,4,8.5,"0,5 cm",0.5,
homo003,5,5.4,1 cm,1,
homo003,6,5.1,1 cm,1,
homo003,7,5.4,1 cm,1,
homo003,8,5.6,1 cm,1,
homo003,9,4.9,1 cm,1,
homo003,10,5,1 cm,1,
homo003,11,8.4,"0,5 cm",0.5,
homo003,12,8.7,"0,5 cm",0.5,
homo003,13,8.2,"0,5 cm",0.5,
homo003,14,9.6,"0,5 cm",0.5,
homo003,15,5.5,1 cm,1,
homo003,16,5.5,1 cm,1,
homo003,17,5.3,1 cm,1,
homo003,18,5.4,1 cm,1,
homo003,19,9.1,"0,5 cm",0.5,
homo003,20,9.8,"0,5 cm",0.5,
homo004,1,7.6,1 cm,1,
homo004,2,7.6,1 cm,1,
homo004,3,7,1 cm,1,
homo004,4,8.5,1 cm,1,
homo004,5,6.9,1 cm,1,
homo004,6,7.2,1 cm,1,
homo004,7,6.9,1 cm,1,
homo004,8,7.4,1 cm,1,
homo004,9,8.2,1 cm,1,
homo004,10,8.1,1 cm,1,
homo004,11,7.9,1 cm,1,
homo004,12,7.6,1 cm,1,
homo004,13,7.3,1 cm,1,
homo004,14,7.1,1 cm,1,
homo004,15,9.1,1 cm,1,
homo004,16,7,1 cm,1,
homo004,17,7.1,1 cm,1,
homo004,18,7.2,1 cm,1,
homo004,19,8.1,1 cm,1,
homo004,20,7.3,1 cm,1,
homo005,1,5.8,1 cm,1,
homo005,2,7.5,1 cm,1,
homo005,3,7.4,1 cm,1,
homo005,4,7.6,1 cm,1,
homo005,5,6.7,1 cm,1,
homo005,6,7.5,1 cm,1,
homo005,7,6.4,1 cm,1,
homo005,8,7.6,1 cm,1,
homo005,9,6.1,1 cm,1,
homo005,10,5.2,1 cm,1,
homo005,11,7.8,1 cm,1,
homo005,12,7.6,1 cm,1,
homo005,13,7.6,1 cm,1,
homo005,14,5.7,1 cm,1,
homo005,15,7.1,1 cm,1,
homo005,16,5.9,1 cm,1,
homo005,17,7.7,1 cm,1,
homo005,18,7.8,1 cm,1,
homo005,19,6.4,1 cm,1,
homo005,20,7,1 cm,1,
homo006,1,4.9,1 cm,1,
homo006,2,5.4,1 cm,1,
homo006,3,5.2,1 cm,1,
homo006,4,5.1,1 cm,1,
homo006,5,5.2,1 cm,1,
homo006,6,5.4,1 cm,1,
homo006,7,5.2,1 cm,1,
homo006,8,5.9,1 cm,1,
homo006,9,5.3,1 cm,1,
homo006,10,5.3,1 cm,1,
homo006,11,5.2,1 cm,1,
homo006,12,5.1,1 cm,1,
homo006,13,5.2,1 cm,1,
homo006,14,5.4,1 cm,1,
homo006,15,6,1 cm,1,
homo006,16,9.2,"0,5 cm",0.5,
homo006,17,5.4,1 cm,1,
homo006,18,5.2,1 cm,1,
homo006,19,5.5,1 cm,1,
homo006,20,5,1 cm,1,
homo007,1,6.3,1 cm,1,
homo007,2,5.6,1 cm,1,
homo007,3,5.9,1 cm,1,
homo007,4,6,1 cm,1,
homo008,1,9.9,1 cm,1,
homo008,2,9.7,1 cm,1,
homo008,3,9.2,1 cm,1,
homo008,4,9.2,1 cm,1,
homo008,5,1.1,cm,1,
homo008,6,9.5,1 cm,1,
homo008,7,1.2,cm,1,
homo008,8,6.4,1 cm,1,
homo008,9,8.6,1 cm,1,
homo008,10,10,1 cm,1,
homo008,11,1.1,cm,1,
homo008,12,1.2,cm,1,
homo008,13,9.1,1 cm,1,
homo008,14,9.1,1 cm,1,
homo008,15,7.6,1 cm,1,
homo008,16,1.1,cm,1,
homo008,17,8.7,1 cm,1,
homo008,18,8.8,1 cm,1,
homo008,19,9.1,1 cm,1,
homo008,20,9.6,1 cm,1,
homo009,1,5.6,1 cm,1,
homo009,2,5.4,1 cm,1,
homo009,3,7,1 cm,1,
homo009,4,6.5,1 cm,1,
homo009,5,7,1 cm,1,
homo009,6,7.1,1 cm,1,
homo009,7,6.6,1 cm,1,
homo009,8,6.5,1 cm,1,
homo009,9,6.2,1 cm,1,
homo009,10,6,1 cm,1,
homo009,11,6.7,1 cm,1,
homo009,12,6.5,1 cm,1,
homo009,13,7.5,1 cm,1,
homo009,14,6,1 cm,1,
homo009,15,5.5,1 cm,1,
homo009,16,5.8,1 cm,1,
homo009,17,5.4,1 cm,1,
homo009,18,6.1,1 cm,1,
homo009,19,6.9,1 cm,1,
homo009,20,5.7,1 cm,1,
homo010,1,6.4,1 cm,1,
homo010,2,6.4,1 cm,1,
homo011,1,5.3,1 cm,1,
homo011,2,5.1,1 cm,1,
homo011,3,4.9,1 cm,1,
homo011,4,6,1 cm,1,
homo011,5,8,"0,5 cm",0.5,
homo011,6,9.7,"0,5 cm",0.5,
homo011,7,6,1 cm,1,
homo011,8,8.2,"0,5 cm",0.5,
homo011,9,10,"0,5 cm",0.5,
homo011,10,8.9,"0,5 cm",0.5,
homo011,11,5.5,1 cm,1,
homo011,12,9.6,"0,5 cm",0.5,
homo011,13,9.5,"0,5 cm",0.5,
homo011,14,9.3,"0,5 cm",0.5,
homo011,15,5.9,1 cm,1,
homo011,16,6,1 cm,1,
homo011,17,6.1,1 cm,1,
homo011,18,6.7,1 cm,1,
homo011,19,5.6,1 cm,1,
homo011,20,5.3,1 cm,1,
homo012,1,8.8,1 cm,1,
homo012,2,9.2,1 cm,1,
homo012,3,4.8,1 cm,1,
homo012,4,8.4,1 cm,1,
homo012,5,9,1 cm,1,
homo012,6,8.2,1 cm,1,
homo012,7,8.7,1 cm,1,
homo012,8,8.2,1 cm,1,
homo012,9,5.4,1 cm,1,
homo012,10,8.9,1 cm,1,
homo012,11,8.6,1 cm,1,
homo012,12,7.5,1 cm,1,
homo012,13,8,1 cm,1,
homo012,14,8.6,1 cm,1,
homo012,15,8.9,1 cm,1,
homo012,16,8.2,1 cm,1,
homo012,17,8.9,1 cm,1,
homo012,18,7.1,1 cm,1,
homo012,19,8.8,1 cm,1,
homo012,20,7.8,1 cm,1,
homo013,1,7.3,1 cm,1,
homo013,2,7,1 cm,1,
homo013,3,7,1 cm,1,
homo013,4,7.2,1 cm,1,
homo013,5,6.7,1 cm,1,
homo013,6,7.4,1 cm,1,
homo013,7,8,1 cm,1,
homo013,8,6.4,1 cm,1,
homo013,9,7.1,1 cm,1,
homo013,10,7.5,1 cm,1,
homo014,1,7.8,2 cm,0.5,
homo014,2,8.1,1 cm,1,
homo015,1,9.9,1 cm,1,
homo016,1,6.9,1 cm,1,
homo016,2,6.9,1 cm,1,
homo016,3,6.8,1 cm,1,
homo016,4,6,1 cm,1,
homo016,5,7.3,1 cm,1,
homo016,6,7.1,1 cm,1,
homo016,7,7.1,1 cm,1,
homo016,8,5.2,1 cm,1,
homo016,9,8,1 cm,1,
homo016,10,6.3,1 cm,1,
homo016,11,6.7,1 cm,1,
homo016,12,7.6,1 cm,1,
homo016,13,8,1 cm,1,
homo016,14,6.6,1 cm,1,
homo017,1,6,1 cm,1,
homo017,2,7.7,1 cm,1,
homo017,3,7.7,1 cm,1,
homo018,1,5.7,1 cm,1,
homo018,2,5.4,1 cm,1,
homo019,1,7.1,1 cm,1,
homo019,2,8,1 cm,1,
homo020,1,8.2,1 cm,1,
homo020,2,7.6,1 cm,1,
homo021,1,5.1,1 cm,1,
homo021,2,5,1 cm,1,
homo021,3,9.1,"0,5 cm",0.5,
homo021,4,5.4,1 cm,1,
homo021,5,5.2,1 cm,1,
homo021,6,5,1 cm,1,
homo021,7,9.2,"0,5 cm",0.5,
homo021,8,9.4,"0,5 cm",0.5,
homo021,9,9.5,"0,5 cm",0.5,
homo021,10,5.2,1 cm,1,
homo021,11,5.2,1 cm,1,
homo021,12,4.9,1 cm,1,
homo021,13,4.9,1 cm,1,
homo021,14,6,1 cm,1,
homo021,15,9.4,"0,5 cm",0.5,
homo021,16,9.7,"0,5 cm",0.5,
homo022,1,6.1,1 cm,1,
homo023,1,9.6,"0,5 cm",0.5,
homo023,2,5.6,1 cm,1,
homo024,1,7.8,"0,5 cm",0.5,
homo025,1,6,1 cm,1,
cole001,1,5.4,1,1,
cole001,2,5.5,1,1,
cole001,3,5.2,1,1,
cole001,4,6.5,1,1,
cole001,5,5.7,1,1,
cole001,6,5.8,1,1,
cole001,7,5.6,1,1,
cole001,8,5.5,1,1,
cole001,9,5.8,1,1,
cole001,10,6,1,1,
cole001,11,5.5,1,1,
cole001,12,5.7,1,1,
cole001,13,6.1,1,1,
cole001,14,6.4,1,1,
cole001,15,6.5,1,1,
cole001,16,5,1,1,
cole001,17,6.4,1,1,
cole001,18,5.9,1,1,
cole001,19,5.4,1,1,
cole001,20,5.2,1,1,
cole002,1,8.6,1,1,
cole002,2,9,1,1,
cole002,3,7.8,1,1,
cole002,4,8.5,1,1,
cole002,5,8.5,1,1,
cole002,6,8.5,1,1,
cole002,7,8.1,1,1,
cole002,8,9.7,1,1,
cole002,9,8.9,1,1,
cole002,10,8.5,1,1,
cole002,11,8.6,1,1,
cole002,12,9.3,1,1,
cole002,13,9.5,1,1,
cole002,14,8.9,1,1,
cole002,15,7.7,1,1,
cole002,16,8.8,1,1,
cole002,17,9.1,1,1,
cole002,18,7.9,1,1,
cole002,19,8.2,1,1,
cole002,20,8.2,1,1,
cole003,1,5,1,1,
cole003,2,4.5,1,1,
cole003,3,5.6,1,1,
cole003,4,5,1,1,
cole003,5,4.9,1,1,
cole003,6,5.1,1,1,
cole003,7,4.8,1,1,
cole003,8,5.5,1,1,
cole003,9,4.9,1,1,
cole003,10,5.3,1,1,
cole003,11,4.9,1,1,
cole003,12,5.6,1,1,
cole003,13,5.3,1,1,
cole003,14,4.4,1,1,
cole003,15,4.5,1,1,
cole003,16,4.7,1,1,
cole003,17,5.6,1,1,
cole003,18,5,1,1,
cole003,19,4.9,1,1,
cole003,20,5.1,1,1,
cole005,1,4,0.5,0.5,
cole005,2,3.4,0.5,0.5,
cole005,3,3.4,0.5,0.5,
cole005,4,3.2,0.5,0.5,
cole005,5,3.2,0.5,0.5,
cole005,6,3.6,0.5,0.5,
cole005,7,3.8,0.5,0.5,
cole005,8,3.2,0.5,0.5,
cole005,9,3.4,0.5,0.5,
cole005,10,3.8,0.5,0.5,
cole005,11,2.9,0.5,0.5,
cole005,12,3,0.5,0.5,
cole005,13,3.2,0.5,0.5,
cole005,14,3.4,0.5,0.5,
cole005,15,3.4,0.5,0.5,
cole005,16,3.4,0.5,0.5,
cole005,17,3.8,0.5,0.5,
cole005,18,4,0.5,0.5,
cole005,19,3.4,0.5,0.5,
cole005,20,3,0.5,0.5,
cole006,1,3.2,0.5,0.5,
cole006,2,3.3,0.5,0.5,
cole007,1,11.1,2,2,
cole007,2,9,2,2,
cole007,3,11.2,2,2,
cole007,4,13.4,2,2,
cole007,5,8.8,2,2,
cole007,6,12,2,2,
cole007,7,9.6,2,2,
cole007,8,10.9,2,2,
cole007,9,10.2,2,2,
cole007,10,9.2,2,2,
cole007,11,9.6,2,2,
cole008,1,7.4,1,1,
cole008,2,8.9,1,1,
cole008,3,8.2,1,1,
cole008,4,11.4,2,2,
cole008,5,6.8,1,1,
cole008,6,8.4,1,1,
cole008,7,8.2,1,1,
cole008,8,9.1,1,1,
cole008,9,9,1,1,
cole008,10,7.4,1,1,
cole008,11,7,1,1,
cole008,12,8.6,1,1,
cole008,13,8.1,1,1,
cole008,14,6.9,1,1,
cole008,15,6.1,1,1,
cole008,16,5.9,1,1,
cole008,17,8,1,1,
cole008,18,9.8,1,1,
cole008,19,7,1,1,
cole008,20,10.2,2,2,
cole009,1,10.2,2,2,
cole009,2,8.7,1,1,
cole009,3,8.1,1,1,
cole009,4,10,1,1,
cole009,5,8.4,1,1,
cole009,6,8.5,1,1,
cole009,7,8.2,1,1,
cole009,8,8,1,1,
cole009,9,9.8,1,1,
cole009,10,9.5,1,1,
cole009,11,8.9,1,1,
cole009,12,7.8,1,1,
cole009,13,9.5,1,1,
cole009,14,9.8,1,1,
cole009,15,8.1,1,1,
cole009,16,10,1,1,
cole009,17,10.4,2,2,
cole009,18,8.3,1,1,
cole009,19,9.9,1,1,
cole009,20,8.9,1,1,
cole010,1,4.7,1,1,
cole010,2,5.7,1,1,
cole010,3,6.5,1,1,
cole010,4,6,1,1,
cole010,5,8.3,1,1,
cole010,6,8.5,1,1,
cole010,7,8.7,1,1,
cole010,8,5.6,1,1,
cole011,1,6.3,1,1,
cole011,2,6,1,1,
cole011,3,5.5,1,1,
cole011,4,5.3,1,1,
cole012,1,10.8,2,2,
cole012,2,10,2,2,
cole012,3,10.4,2,2,
cole012,4,7.4,2,2,
cole012,5,9.6,2,2,
cole012,6,10.4,2,2,
cole012,7,8.2,2,2,
cole012,8,10.1,2,2,
cole012,9,8.8,2,2,
cole012,10,7.7,2,2,
cole012,11,10.4,2,2,
cole012,12,10.4,2,2,
cole012,13,9.4,2,2,
cole012,14,11,2,2,
cole012,15,9.6,2,2,
cole013,1,7.8,1,1,
cole013,2,7.5,1,1,
cole013,3,7.7,1,1,
cole013,4,7.4,1,1,
cole013,5,7.3,1,1,
cole013,6,7.2,1,1,
cole013,7,8.4,1,1,
cole013,8,5.9,1,1,
cole013,9,7.2,1,1,
cole013,10,7.3,1,1,
cole013,11,7.5,1,1,
cole013,12,7.3,1,1,
cole013,13,10.8,1,1,
cole013,14,7.5,1,1,
cole013,15,8.6,1,1,
cole013,16,8.3,1,1,
cole013,17,6.1,1,1,
cole013,18,6.7,1,1,
cole013,19,6.4,1,1,
cole013,20,10.1,1,1,
cole014,1,14.6,2,2,
cole014,2,14,2,2,
cole015,1,9.5,1,1,
cole015,2,9.2,1,1,
cole015,3,8.8,1,1,
cole015,4,10.2,2,2,
cole015,5,8.4,1,1,
cole015,6,10.2,2,2,
cole015,7,10.8,2,2,
cole015,8,10.6,2,2,
cole015,9,6.7,1,1,
cole015,10,9.1,1,1,
cole015,11,9.3,1,1,
cole015,12,9.6,1,1,
cole015,13,8.3,1,1,
cole015,14,9.7,1,1,
cole015,15,8.7,1,1,
cole015,16,10.8,2,2,
cole015,17,7.9,1,1,
cole015,18,10.4,2,2,
cole015,19,10.4,2,2,
cole015,20,9.7,1,1,
cole016,1,5.3,1,1,
cole016,2,5.4,1,1,
cole016,3,5,1,1,
cole016,4,5.2,1,1,
cole016,5,7.8,1,1,
cole016,6,5.6,1,1,
cole016,7,8.1,1,1,
cole016,8,7.7,1,1,
cole016,9,4.8,1,1,
cole016,10,5.2,1,1,
cole016,11,6.2,1,1,
cole016,12,6.2,1,1,
cole016,13,5,1,1,
cole016,14,5,1,1,
cole016,15,5.1,1,1,
cole016,16,4.9,1,1,
cole016,17,4.5,1,1,
cole018,1,5.9,1,1,
cole018,2,7.5,1,1,
cole018,3,6.5,1,1,
cole018,4,5.6,1,1,
cole018,5,6.7,1,1,
cole018,6,5.9,1,1,
cole018,7,5.5,1,1,
cole018,8,6,1,1,
cole018,9,6.3,1,1,
cole018,10,5.9,1,1,
cole018,11,7.1,1,1,
cole018,12,7,1,1,
cole018,13,5.5,1,1,
cole018,14,7.7,1,1,
cole018,15,7.8,1,1,
cole018,16,7.7,1,1,
cole018,17,5.2,1,1,
cole018,18,7.8,1,1,
cole018,19,6.7,1,1,
cole018,20,5.5,1,1,
cole020,1,9.2,2,2,
cole020,2,9.6,2,2,
cole021,1,7.5,1,1,
cole021,2,7.9,1,1,
cole021,3,7.9,1,1,
cole021,4,7.2,1,1,
cole021,5,7.3,1,1,
cole021,6,7.2,1,1,
cole022,1,10.4,2,2,
cole022,2,10,2,2,
cole022,3,10.8,2,2,
cole022,4,12,2,2,
cole022,5,13.4,2,2,
cole022,6,11,2,2,
cole022,7,11.9,2,2,
cole022,8,9,2,2,
cole022,9,10,2,2,
cole022,10,12,2,2,
cole022,11,9.6,2,2,
cole022,12,11.2,2,2,
cole022,13,10.8,2,2,
cole022,14,11.8,2,2,
cole022,15,10.8,2,2,
cole022,16,11,2,2,
cole022,17,11.4,2,2,
cole022,18,10.9,2,2,
cole022,19,7.6,2,2,
cole022,20,10.6,2,2,
cole023,1,5.2,1,1,
cole023,2,5.9,1,1,
cole023,3,5.4,1,1,
cole023,4,5.9,1,1,
cole025,1,6.9,1,1,
cole026,1,4.2,0.5,0.5,
cole026,2,3.5,0.5,0.5,
cole026,3,3.9,0.5,0.5,
cole026,4,3.3,0.5,0.5,
cole026,5,4.1,0.5,0.5,
cole026,6,4.4,0.5,0.5,
cole026,7,4.1,0.5,0.5,
cole026,8,3.5,0.5,0.5,
cole026,9,3.9,0.5,0.5,
cole026,10,4.3,0.5,0.5,
cole026,11,4.3,0.5,0.5,
cole026,12,3.6,0.5,0.5,
cole026,13,4.6,0.5,0.5,
cole026,14,3.3,0.5,0.5,
cole026,15,3.9,0.5,0.5,
cole026,16,4.4,0.5,0.5,
cole026,17,3.9,0.5,0.5,
cole026,18,3.7,0.5,0.5,
cole026,19,3.8,0.5,0.5,
cole026,20,3.2,0.5,0.5,
cole027,1,4.4,0.5,0.5,
cole027,2,4.1,0.5,0.5,
cole027,3,4.2,0.5,0.5,
cole027,4,4,0.5,0.5,
cole027,5,3.9,0.5,0.5,
cole027,6,4.4,0.5,0.5,
cole027,7,4.8,0.5,0.5,
cole027,8,4.4,0.5,0.5,
cole027,9,4,0.5,0.5,
cole027,10,3.6,0.5,0.5,
cole028,1,3.5,0.5,0.5,
cole028,2,3.8,0.5,0.5,
cole028,3,3,0.5,0.5,
cole028,4,3.7,0.5,0.5,
cole028,5,2.8,0.5,0.5,
cole029,1,6.2,1,1,
cole030,1,2.2,0.5,0.5,
cole030,2,2.7,0.5,0.5,
cole030,3,2.6,0.5,0.5,
cole030,4,2.4,0.5,0.5,
cole030,5,2.4,0.5,0.5,
cole030,6,2.6,0.5,0.5,
cole030,7,2.3,0.5,0.5,
cole030,8,2.7,0.5,0.5,
cole030,9,2.5,0.5,0.5,
cole030,10,2.5,0.5,0.5,
cole030,11,2.8,0.5,0.5,
cole030,12,2.7,0.5,0.5,
cole030,13,2.6,0.5,0.5,
cole030,14,2.6,0.5,0.5,
cole030,15,2.5,0.5,0.5,
cole030,16,2.7,0.5,0.5,
cole030,17,2.6,0.5,0.5,
cole030,18,2.8,0.5,0.5,
cole030,19,2.5,0.5,0.5,
cole030,20,2.8,0.5,0.5,
cole032,1,5.2,1,1,
cole033,1,6.9,1,1,
cole033,2,7.7,1,1,
cole033,3,8.2,1,1,
cole033,4,7.7,1,1,
cole033,5,7.9,1,1,
cole033,6,8.3,1,1,
cole033,7,7.9,1,1,
cole033,8,8.6,1,1,
cole033,9,7.6,1,1,
cole033,10,8.3,1,1,
cole033,11,8.6,1,1,
cole033,12,8,1,1,
cole033,13,8,1,1,
cole033,14,7.4,1,1,
cole033,15,9.2,1,1,
cole033,16,7.2,1,1,
cole033,17,9,1,1,
cole033,18,8.8,1,1,
cole033,19,7.6,1,1,
cole034,1,2.9,0.5,0.5,
cole034,2,3.1,0.5,0.5,
cole034,3,3.1,0.5,0.5,
cole034,4,3.2,0.5,0.5,
cole034,5,3.1,0.5,0.5,
cole034,6,2.8,0.5,0.5,
cole034,7,3.2,0.5,0.5,
cole034,8,3,0.5,0.5,
cole034,9,2.9,0.5,0.5,
cole034,10,3,0.5,0.5,
cole034,11,3.1,0.5,0.5,
cole034,12,2.9,0.5,0.5,
cole034,13,3.1,0.5,0.5,
cole034,14,2.8,0.5,0.5,
cole034,15,2.9,0.5,0.5,
cole034,16,2.9,0.5,0.5,
cole034,17,3,0.5,0.5,
cole034,18,2.9,0.5,0.5,
cole034,19,2.9,0.5,0.5,
cole034,20,3.1,0.5,0.5,
cole035,1,4.8,1,1,
cole035,2,4.8,1,1,
cole035,3,4.8,1,1,
cole035,4,4.7,1,1,
cole035,5,5.2,1,1,
cole035,6,4.6,1,1,
cole035,7,4.6,1,1,
cole035,8,4.8,1,1,
cole035,9,5.3,1,1,
cole035,10,4.9,1,1,
cole035,11,5.1,1,1,
cole035,12,5.2,1,1,
cole035,13,4.7,1,1,
cole035,14,5.1,1,1,
cole035,15,5,1,1,
cole035,16,5.5,1,1,
cole035,17,5.2,1,1,
cole035,18,5.6,1,1,
cole035,19,4.8,1,1,
cole035,20,4.9,1,1,
cole037,1,4.9,1,1,
cole037,2,4.8,1,1,
cole037,3,4.6,1,1,
cole037,4,4.6,1,1,
cole037,5,4.3,1,1,
cole037,6,4.6,1,1,
cole037,7,4.6,1,1,
cole037,8,4.4,1,1,
cole037,9,5,1,1,
cole037,10,4.5,1,1,
cole037,11,5,1,1,
cole037,12,4.8,1,1,
cole037,13,4.5,1,1,
cole037,14,4.8,1,1,
cole037,15,5,1,1,
cole037,16,4.5,1,1,
cole037,17,5.1,1,1,
cole037,18,4.8,1,1,
cole037,19,4.8,1,1,
cole037,20,4.4,1,1,
cole037,1,5.8,1,1,
cole038,1,14,2,2,
cole038,2,14.4,2,2,
cole038,3,13.6,2,2,
cole040,1,5.2,1,1,
cole041,1,6.4,1,1,
cole041,2,5.6,1,1,
cole041,3,5.6,1,1,
cole041,4,5.8,1,1,
cole041,5,6,1,1,
cole041,6,6.2,1,1,
cole041,7,5.5,1,1,
cole041,8,5.2,1,1,
cole041,9,6.6,1,1,
cole041,10,3.8,1,1,
cole041,11,5.1,1,1,
cole041,12,6.5,1,1,
cole041,13,4.4,1,1,
cole041,14,4.6,1,1,
cole041,15,4.9,1,1,
cole041,16,5,1,1,
cole042,1,4.6,1,1,
cole042,2,4.7,1,1,
cole043,1,9.8,1,1,
cole043,2,9.7,1,1,
cole043,3,9.9,1,1,
cole043,4,10.4,2,2,
cole044,1,8.7,1,1,
cole044,2,6.4,1,1,
cole044,3,7.6,1,1,
cole044,4,7.3,1,1,
cole044,5,6,1,1,
cole044,6,6.7,1,1,
cole044,7,7.2,1,1,
cole044,8,8.6,1,1,
cole044,9,6.3,1,1,
cole044,10,6.1,1,1,
cole045,1,10.2,2,2,
cole045,2,11,2,2,
cole045,3,8.8,2,2,
cole045,4,10.6,2,2,
cole046,1,2.5,1,1,
cole047,1,4,1,1,
cole048,1,6.4,1,1,
cole048,2,6.1,1,1,
cole048,3,6.9,1,1,
cole048,4,6.6,1,1,
cole048,5,6.5,1,1,
cole050,1,2.8,0.5,0.5,
cole050,2,2.6,0.5,0.5,
cole051,1,3.8,0.5,0.5,
cole051,2,8.8,1,1,
cole052,1,4.5,0.5,0.5,
cole052,2,4.3,0.5,0.5,
cole052,3,4,0.5,0.5,
cole052,4,3.8,0.5,0.5,
cole052,5,4.2,0.5,0.5,
cole054,1,6.2,1,1,
cole054,2,5,1,1,
cole054,3,4.8,1,1,
cole054,4,5.2,1,1,
cole055,1,4.6,1,1,
cole056,1,5.6,1,1,
cole056,2,6.4,1,1,
cole056,3,6.8,1,1,
cole056,4,9.3,1,1,
cole057,1,6,1,1,
cole058,1,4,1,1,
cole059,1,5.1,1,1,
cole059,2,3.6,0.5,0.5,
cole059,3,3.9,0.5,0.5,
cole059,4,2.1,0.5,0.5,
cole059,5,4.3,0.5,0.5,
cole059,6,5.5,1,1,
cole059,7,5.7,1,1,
cole059,8,7,1,1,
cole059,9,6,1,1,
cole059,10,6,1,1,
cole059,11,5.3,1,1,
cole059,12,4,1,1,
cole059,13,3.5,1,1,
cole059,14,3.7,1,1,
cole059,15,4.9,1,1,
cole059,16,5.5,1,1,
cole059,17,2.8,1,1,
cole059,18,6,1,1,
cole059,19,5.2,1,1,
cole059,20,4.3,1,1,
cole060,1,18.4,2,2,
cole060,2,19.2,2,2,
cole060,3,19.4,2,2,
cole060,4,17,2,2,
cole060,5,18.4,2,2,
cole060,6,18.4,2,2,
cole060,7,17.6,2,2,
cole060,8,21.5,1,1,
cole060,9,22,1,1,
cole060,10,18.3,2,2,
cole060,11,18.4,2,2,
cole060,12,19,2,2,
cole060,13,16.6,2,2,
cole060,14,18.8,2,2,
cole060,15,18.8,2,2,
cole060,16,17,2,2,
cole060,17,18.8,2,2,
cole060,18,21,1,1,
cole060,19,18,2,2,
cole060,20,18.2,2,2,
cole061,1,9.6,2,2,
cole061,2,11,2,2,
cole061,3,11.2,2,2,
cole061,4,11.3,2,2,
cole061,5,10,2,2,
cole061,6,11,2,2,
cole061,7,10.4,2,2,
cole061,8,10.4,2,2,
cole061,9,11.6,2,2,
cole062,1,4.8,1,1,
cole062,2,4.8,1,1,
cole062,3,5.2,1,1,
cole062,4,5,1,1,
cole062,5,4.8,1,1,
cole062,6,4.6,1,1,
cole063,1,3.7,0.5,0.5,
cole063,2,4.1,0.5,0.5,
cole063,3,4.1,0.5,0.5,
cole063,4,3.4,0.5,0.5,
cole064,1,7.9,2,2,
cole065,1,31,,0,
cole066,1,10.2,2,2,
cole067,1,9.9,2,2,
cole068,1,4.7,0.5,0.5,
cole068,2,3.3,0.5,0.5,
cole068,3,4.1,0.5,0.5,
cole068,4,2.7,0.5,0.5,
cole068,5,2.6,0.5,0.5,
cole068,6,4.1,0.5,0.5,
cole069,1,5.6,1,1,
cole070,1,8.2,1,1,
cole070,2,8.6,1,1,
cole070,3,8.5,1,1,
cole070,4,7.1,1,1,
cole070,5,6,1,1,
cole070,6,8.6,1,1,
cole070,7,7.5,1,1,
cole071,1,14,2,2,
cole071,2,9.6,2,2,
cole071,3,13.2,2,2,
cole071,4,11.6,2,2,
cole071,5,12.6,2,2,
cole071,6,12.4,2,2,
cole071,7,14,2,2,
cole071,8,12,2,2,
cole071,9,9.4,2,2,
cole071,10,17.2,2,2,
cole071,11,16.8,2,2,
cole071,12,10.4,2,2,
cole071,13,13.6,2,2,
cole071,14,16.4,2,2,
cole071,15,12,2,2,
cole071,16,9.6,2,2,
cole072,1,2.4,0.5,0.5,
cole073,1,7.7,1,1,
cole073,2,4.9,1,1,
cole074,1,3.9,0.5,0.5,
cole075,1,8.2,1,1,
cole075,2,7.1,1,1,
cole075,3,6.3,1,1,
cole075,4,5,1,1,
cole075,5,8.1,1,1,
cole076,1,4.9,1,1,
cole076,2,8.3,1,1,
cole076,3,6.4,1,1,
cole077,1,9,1,1,
cole078,1,7.5,1,1,
cole079,1,11.2,1,1,
cole080,1,8,1,1,
cole080,2,8.2,1,1,
cole080,3,8.1,1,1,
cole080,4,8.7,1,1,
cole081,1,2.6,0.5,0.5,
cole081,2,2.4,0.5,0.5,
cole081,3,2.5,0.5,0.5,
cole081,4,2.9,0.5,0.5,
cole081,5,2.4,0.5,0.5,
cole081,6,2.8,0.5,0.5,
cole081,7,2.9,0.5,0.5,
cole081,8,2.9,0.5,0.5,
cole082,1,19.8,2,2,
cole082,2,19,2,2,
cole083,1,13,2,2,
cole083,2,10.4,2,2,
cole084,1,11,2,2,
cole085,1,6.3,1,1,
cole086,1,4.5,1,1,
cole087,1,7.6,1,1,
cole087,2,10.6,2,2,
cole088,1,9.8,1,1,
cole089,1,5.3,1,1,
cole090,1,4.3,1,1,
cole091,1,5.3,1,1,
cole091,2,5.5,1,1,
cole091,3,5.6,1,1,
cole091,4,5.3,1,1,
cole091,5,5.5,1,1,
cole091,6,5.6,1,1,
cole091,7,5.7,1,1,
cole091,8,5.9,1,1,
cole091,9,5.7,1,1,
cole091,10,5.5,1,1,
cole091,11,5.3,1,1,
cole092,1,6.7,1,1,
cole093,1,3.9,0.5,0.5,
cole095,1,5.3,1,1,
cole096,1,4.7,1,1,
cole097,1,8.2,1,1,
cole098,1,14,2,2,
cole099,1,12.2,2,2,
cole100,1,8.3,1,1,
cole100,2,6,1,1,
cole101,1,10,2,2,
cole103,1,8.2,1,1,
cole104,1,7.1,1,1,
cole105,1,3.1,0.5,0.5,
cole106,1,3.1,0.5,0.5,
cole106,2,2.9,0.5,0.5,
cole107,1,3.2,0.5,0.5,
cole108,1,4.5,0.5,0.5,
cole112,1,13.6,2,2,
cole112,2,16.2,2,2,
cole112,3,17.8,2,2,
cole112,4,32,1,1,
cole112,5,32,1,1,
cole112,6,13.8,2,2,
cole112,7,13.4,2,2,
cole112,8,17.8,2,2,
cole112,9,24.8,1,1,
cole112,10,27.6,1,1,
cole112,11,27,1,1,
cole112,12,15,2,2,
cole113,1,29.5,1,1,
cole113,2,32.5,1,1,
cole114,1,13,2,2,
cole114,2,15.8,2,2,
cole114,3,13,2,2,
cole114,4,10.6,2,2,
cole114,5,16,2,2,
cole114,6,17,2,2,
cole114,7,11.6,2,2,
cole114,8,10.6,2,2,
cole114,9,10.6,2,2,
cole114,10,13.6,2,2,
cole114,11,13,2,2,
cole114,12,15.2,2,2,
cole114,13,23,2,2,
cole115,1,15.6,2,2,
cole115,2,18.2,2,2,
cole116,1,8.5,1,1,
cole116,2,9,1,1,
cole116,3,7.9,1,1,
cole116,4,7.8,1,1,
cole116,5,7.9,1,1,
cole116,6,6.5,1,1,
cole116,7,8.7,1,1,
cole116,8,8.1,1,1,
cole116,9,6.4,1,1,
cole116,10,8.6,1,1,
cole116,11,6.9,1,1,
cole116,12,6.9,1,1,
cole116,13,8.1,1,1,
cole116,14,9.3,1,1,
cole116,15,8.3,1,1,
cole116,16,10.7,1,1,
cole116,17,8.8,1,1,
cole116,18,10.2,1,1,
cole116,19,8,1,1,
cole116,20,8.4,1,1,
cole117,1,13.4,2,2,
cole117,2,12.8,2,2,
cole118,1,8.4,1,1,
cole118,2,8.5,1,1,
cole118,3,8.5,1,1,
cole118,4,8.9,1,1,
cole118,5,9.8,1,1,
cole118,6,13,2,2,
cole118,7,12.6,2,2,
cole118,8,10.6,1,1,
cole118,9,9.8,1,1,
cole118,10,6.9,1,1,
cole118,11,8.1,1,1,
cole118,12,8.1,1,1,
cole118,13,9.5,1,1,
cole118,14,8.4,1,1,
cole118,15,9.4,1,1,
cole118,16,10.1,1,1,
cole118,17,10.8,2,2,
cole118,18,11.3,2,2,
cole118,19,11,2,2,
cole118,20,12.6,2,2,
cole119,1,8.8,1,1,
cole119,2,6.5,1,1,
cole119,3,7.5,1,1,
cole119,4,6.7,1,1,
cole119,5,6.6,1,1,
cole119,6,9.1,1,1,
cole119,7,9.9,1,1,
cole119,8,8.1,1,1,
cole119,9,8.7,1,1,
cole119,10,7.3,1,1,
cole119,11,6.6,1,1,
cole119,12,7.3,1,1,
cole119,13,7.9,1,1,
cole119,14,8.8,1,1,
cole119,15,9.5,1,1,
cole119,16,8,1,1,
cole119,17,8.3,1,1,
cole119,18,9.5,1,1,
cole119,19,7.2,1,1,
cole119,20,9.2,1,1,
cole120,1,13.4,2,2,
cole120,2,10.8,2,2,
cole120,3,11.4,2,2,
cole121,1,14.6,2,2,
cole122,1,14.4,2,2,
cole122,2,11.4,2,2,
cole122,3,9.2,2,2,
cole122,4,14.6,2,2,
cole122,5,9.5,2,2,
cole123,1,12,2,2,
cole124,1,10.6,2,2,
cole124,2,9.8,1,1,
cole124,3,6,1,1,
cole124,4,7.7,1,1,
cole124,5,8,1,1,
cole124,6,9.6,1,1,
cole124,7,6.7,1,1,
cole124,8,6.7,1,1,
cole124,9,11.3,2,2,
cole124,10,8.7,1,1,
cole124,11,8.5,1,1,
cole124,12,7.4,1,1,
cole124,13,7.3,1,1,
cole124,14,6.8,1,1,
cole124,15,9.6,1,1,
cole124,16,9.8,1,1,
cole124,17,7.8,1,1,
cole124,18,10.4,2,2,
cole124,19,7.6,1,1,
cole124,20,7.4,1,1,
cole125,1,11.8,2,2,
cole125,2,11.2,2,2,
cole125,3,11.2,2,2,
cole125,4,9.7,1,1,
cole125,5,9.1,1,1,
cole126,1,6.6,1,1,
cole126,2,8.8,1,1,
cole126,3,9.2,1,1,
cole126,4,9.9,1,1,
cole126,5,10.8,2,2,
cole126,6,12.3,2,2,
cole126,7,10.6,2,2,
cole126,8,10.8,2,2,
cole126,9,13.8,2,2,
cole126,10,9.8,1,1,
cole126,11,8,1,1,
cole127,1,9.4,1,1,
cole127,2,11.3,2,2,
cole127,3,9.6,1,1,
cole127,4,9.5,1,1,
cole127,5,10,1,1,
cole128,1,7.1,1,1,
cole128,2,8.7,1,1,
cole128,3,8.6,1,1,
cole129,1,10.6,2,2,
cole130,1,18.4,2,2,
cole130,2,20.6,2,2,
cole130,3,17.6,2,2,
cole130,4,21.2,2,2,
cole131,1,24.8,1,1,
cole131,2,23.8,1,1,
cole131,3,19.4,2,2,
cole132,1,43,1,1,
cole132,2,24.5,1,1,
cole133,1,23,1,1,
cole134,1,14.4,2,2,
cole135,1,7.7,1,1,
cole136,1,13.6,2,2,
cole137,1,8.6,1,1,
cole137,2,7.7,1,1,
cole137,3,6.6,1,1,
cole137,4,7.8,1,1,
cole137,5,8,1,1,
cole137,6,7.8,1,1,
cole138,1,10.3,2,2,
cole139,1,8.4,1,1,
cole140,1,28,1,1,
cole141,1,12.4,2,2,
cole142,1,7.4,1,1,
cole143,1,5.1,1,1,
cole145,1,6.4,1,1,
cole146,1,6.9,1,1,
cole147,1,3.3,1,1,
cole148,1,10.8,2,2,
cole149,1,7.2,1,1,
cole149,2,4.4,1,1,
cole150,1,8.9,1,1,
cole150,2,10.4,2,2,
cole150,3,11,2,2,
cole151,1,9.2,1,1,
cole152,1,7.9,1,1,
